th06::AsciiManager::AsciiManager,0x401000,0xe0,__thiscall,,void,AsciiManager*
th06::StageMenu::StageMenu,0x4010e0,0x57,__thiscall,,void,StageMenu*
th06::AsciiManager::OnUpdate,0x401140,0x101,__stdcall,,ChainCallbackResult,AsciiManager*
th06::AsciiManager::OnDrawMenus,0x401250,0x3b,__stdcall,,ChainCallbackResult,AsciiManager*
th06::AsciiManager::OnDrawPopups,0x401290,0x27,__stdcall,,ChainCallbackResult,AsciiManager*
th06::AsciiManager::RegisterChain,0x4012c0,0xd5,__stdcall,,ZunResult
th06::AsciiManager::AddedCallback,0x4013a0,0x6e,__stdcall,,i32,AsciiManager*
th06::AsciiManager::InitializeVms,0x401410,0xb9,__thiscall,,void,AsciiManager*
th06::AsciiManager::DeletedCallback,0x4014d0,0x2e,__stdcall,,ZunResult,AsciiManager*
th06::AsciiManager::CutChain,0x401500,0x23,__stdcall,,void
th06::AsciiManager::AddString,0x401530,0x115,__thiscall,,void,AsciiManager*,D3DXVECTOR3*,char*
th06::AsciiManager::AddFormatText,0x401650,0x5a,__stdcall,varargs,void,AsciiManager*,D3DXVECTOR3*,char*
th06::AsciiManager::DrawStrings,0x4016b0,0x281,__thiscall,,void,AsciiManager*
th06::AsciiManager::CreatePopup1,0x401940,0x11c,__thiscall,,void,AsciiManager*,D3DXVECTOR3*,i32,unsigned long
th06::AsciiManager::CreatePopup2,0x401a60,0x11e,__thiscall,,void,AsciiManager*,D3DXVECTOR3*,i32,unsigned long
th06::StageMenu::OnUpdateGameMenu,0x401b80,0xb9d,__thiscall,,i32,StageMenu*
th06::StageMenu::OnDrawGameMenu,0x402740,0x126,__thiscall,,void,StageMenu*
th06::StageMenu::OnUpdateRetryMenu,0x402870,0x7ce,__thiscall,,i32,StageMenu*
th06::StageMenu::OnDrawRetryMenu,0x403060,0x17c,__thiscall,,void,StageMenu*
th06::AsciiManager::DrawPopupsWithHwVertexProcessing,0x4031e0,0x1cc,__thiscall,,void,AsciiManager*
th06::AsciiManager::DrawPopupsWithoutHwVertexProcessing,0x4033b0,0x1cc,__thiscall,,void,AsciiManager*
th06::AnmVm::Initialize,0x403580,0xee,__thiscall,,void,AnmVm*
D3DXMatrixIdentity,0x403670,0xa7,__cdecl,,_D3DMATRIX*,_D3DMATRIX*
th06::AnmVm::AnmVm,0x403720,0x68,__thiscall,,void,AnmVm*
th06::Stage::Stage,0x403790,0x72,__thiscall,,void,Stage*
th06::Stage::OnUpdate,0x403810,0x89c,default,,ChainCallbackResult,Stage*
th06::Stage::OnDrawHighPrio,0x4040d0,0xa2,default,,ChainCallbackResult,Stage*
th06::Stage::OnDrawLowPrio,0x404180,0x180,default,,ChainCallbackResult,Stage*
th06::Stage::AddedCallback,0x404300,0x1b4,default,,ZunResult,Stage*
th06::Stage::RegisterChain,0x4044c0,0x11e,default,,ZunResult,u32
th06::Stage::DeletedCallback,0x4045e0,0x66,default,,ZunResult,Stage*
th06::Stage::CutChain,0x404650,0x32,default,,void
th06::Stage::LoadStageData,0x404690,0x1c1,__thiscall,,ZunResult,Stage*,char*,char*
th06::Stage::UpdateObjects,0x404860,0x101,__thiscall,,ZunResult,Stage*
th06::Stage::RenderObjects,0x404970,0x83d,__thiscall,,ZunResult,Stage*,i32
th06::AnmManager::ExecuteAnmIdx,0x4051b0,0xa9,__thiscall,,void,AnmManager*,AnmVm*,i32
th06::Player::BombReimuACalc,0x405260,0x9a4,default,,void,Player*
th06::Player::BombReimuADraw,0x405c10,0x410,default,,void,Player*
th06::Player::DarkenViewport,0x406020,0x137,default,,void,Player*
th06::Player::BombReimuBCalc,0x406160,0x47d,default,,void,Player*
th06::Player::BombReimuBDraw,0x4065e0,0x110,default,,void,Player*
th06::Player::BombMarisaACalc,0x4066f0,0x411,default,,void,Player*
th06::Player::BombMarisaADraw,0x406b10,0x354,default,,void,Player*
th06::Player::BombMarisaBCalc,0x406e70,0x33e,default,,void,Player*
th06::Player::BombMarisaBDraw,0x4071b0,0x185,default,,void,Player*
th06::EclManager::Load,0x407340,0xb2,__thiscall,,ZunResult,EclManager*,char*
th06::EclManager::Unload,0x407400,0x32,__thiscall,,void,EclManager*
th06::EclManager::CallEclSub,0x407440,0x54,__thiscall,,ZunResult,EclManager*,EnemyEclContext*,i16
th06::EclManager::RunEcl,0x4074a0,0x3504,__thiscall,,ZunResult,EclManager*,Enemy*
th06::Enemy::MoveDirTime,0x40abe0,0x123,default,,void,Enemy*,EclRawInstr*
th06::Enemy::MovePosTime,0x40ad10,0x166,default,,void,Enemy*,EclRawInstr*
th06::Enemy::MoveTime,0x40ae80,0x12c,default,,void,Enemy*,EclRawInstr*
th06::Enemy::GetVar,0x40afb0,0x36c,default,,i32*,Enemy*,EclVarId*,EclValueType*
th06::Enemy::GetVarFloat,0x40b380,0x40,default,,f32*,Enemy*,f32*,EclValueType*
th06::Enemy::SetVar,0x40b3c0,0x58,default,,void,Enemy*,EclVarId,void*
th06::Enemy::MathAdd,0x40b420,0xa1,default,,void,Enemy*,EclVarId,EclVarId*,EclVarId*
th06::Enemy::MathSub,0x40b4d0,0xa1,default,,void,Enemy*,EclVarId,EclVarId*,EclVarId*
th06::Enemy::MathMul,0x40b580,0xcc,default,,void,Enemy*,EclVarId,EclVarId*,EclVarId*
th06::Enemy::MathDiv,0x40b650,0xa4,default,,void,Enemy*,EclVarId,EclVarId*,EclVarId*
th06::Enemy::MathMod,0x40b700,0xca,default,,void,Enemy*,EclVarId,EclVarId*,EclVarId*
th06::Enemy::MathAtan2,0x40b7d0,0xbe,default,,void,Enemy*,EclVarId,f32*,f32*,f32*,f32*
D3DXVec3Length,0x40b890,0x4a,__stdcall,,f32,D3DXVECTOR3*
th06::Enemy::ExInsCirnoRainbowBallJank,0x40b8e0,0x19e,__stdcall,,void,Enemy*,EclRawInstr*
th06::Enemy::ExInsShootAtRandomArea,0x40ba80,0xf4,__stdcall,,void,Enemy*,EclRawInstr*
th06::Enemy::ExInsShootStarPattern,0x40bb80,0x574,default,,void,Enemy*,EclRawInstr*
th06::Enemy::ExInsPatchouliShottypeSetVars,0x40c100,0x75,default,,void,Enemy*,EclRawInstr*
th06::Enemy::ExInsStage56Func4,0x40c180,0x42a,default,,void,Enemy*,EclRawInstr*
th06::Enemy::ExInsStage5Func5,0x40c5b0,0x533,__stdcall,,void,Enemy*,AnmRawInstr*
th06::Enemy::ExInsStage6XFunc6,0x40caf0,0x550,__stdcall,,void,Enemy*,AnmRawInstr*
th06::Enemy::ExInsStage6Func7,0x40d040,0x3bb,__stdcall,,void,Enemy*,AnmRawInstr*
th06::Enemy::ExInsStage6Func8,0x40d400,0x125,__cdecl,,void,Enemy*,AnmRawInstr*
th06::Enemy::ExInsStage6Func9,0x40d530,0x238,unknown,,void,Enemy*,AnmRawInstr*
th06::Enemy::ExInsStage6Func11,0x40d770,0x1b6,unknown,,void,Enemy*,AnmRawInstr*
th06::Enemy::ExInsStage6XFunc10,0x40d930,0x164,default,,void,Enemy*,u32
th06::Enemy::ExInsStage4Func12,0x40daa0,0x114,__cdecl,,void,Enemy*,AnmRawInstr*
th06::Enemy::ExInsStageXFunc13,0x40dbc0,0xf2,__cdecl,,void,Enemy*,AnmRawInstr*
th06::Enemy::ExInsStageXFunc14,0x40dcc0,0x139,unknown,,void,Enemy*,AnmRawInstr*
th06::Enemy::ExInsStageXFunc15,0x40de00,0x3ae,__stdcall,,void,Enemy*,AnmRawInstr*
th06::Enemy::ExInsStageXFunc16,0x40e1b0,0x114,__stdcall,,void,Enemy*,AnmRawInstr*
th06::EffectManager::EffectManager,0x40e2d0,0x65,__thiscall,,u32*,EffectManager*
th06::EffectManager::Reset,0x40e340,0x19,__thiscall,,void,EffectManager*
th06::EffectManager::EffectUpdateCallback1,0x40e360,0x24d,default,,i32,Effect*
th06::EffectManager::EffectUpdateCallback2,0x40e5b0,0x259,default,,i32,Effect*
th06::EffectManager::EffectUpdateCallback3,0x40e810,0x10f,default,,i32,Effect*
th06::EffectManager::EffectUpdateCallback4,0x40e920,0x2e1,default,,i32,Effect*
th06::EffectManager::EffectUpdateCallback5,0x40ec10,0x1a0,default,,i32,Effect*
th06::EffectManager::EffectUpdateCallback6,0x40edb0,0x1a0,default,,i32,Effect*
th06::EffectManager::SpawnParticles,0x40ef50,0x1ae,__thiscall,,Effect*,EffectManager*,i32,D3DXVECTOR3*,i32,ZunColor
th06::EffectManager::OnUpdate,0x40f100,0xe6,default,,ChainCallbackResult,EffectManager*
th06::EffectManager::OnDraw,0x40f1f0,0x81,default,,ChainCallbackResult,EffectManager*
th06::EffectManager::AddedCallback,0x40f280,0x12c,__stdcall,,ZunResult,EffectManager*
th06::EffectManager::DeletedCallback,0x40f3d0,0x14,default,,ZunResult,EffectManager*
th06::EffectManager::RegisterChain,0x40f3f0,0xa5,__stdcall,,ZunResult
th06::EffectManager::CutChain,0x40f4a0,0x23,default,,void
th06::readEndFileParameter,0x40f4d0,0x73,__fastcall,,long,Ending*
th06::Ending::FadingEffect,0x40f550,0x254,__thiscall,,void,Ending*
th06::Ending::ParseEndFile,0x40f7c0,0xe23,__thiscall,,void,Ending*
th06::Ending::loadEnding,0x4106d0,0xdd,__thiscall,,ZunResult,Ending*,char*
th06::Ending::RegisterChain,0x4107b0,0xf5,default,,ZunResult
th06::Ending::Ending,0x4108b0,0x10f,__thiscall,,Ending*,Ending*
th06::Ending::OnUpdate,0x4109c0,0xaa,__stdcall,,u32,Ending*
th06::Ending::OnDraw,0x410a70,0x96,unknown,,u8,u32
th06::Ending::AddedCallback,0x410b10,0x26c,unknown,,ZunResult,u32
th06::Ending::DeletedCallback,0x410d80,0xac,__stdcall,,u32,Ending*
th06::EnemyManager::Initialize,0x410e30,0x35b,__thiscall,,void,EnemyManager*
th06::EnemyManager::EnemyManager,0x411190,0xaa,__thiscall,,EnemyManager*,EnemyManager*
th06::Enemy::Enemy,0x411240,0x147,__thiscall,,AnmVm*,Enemy*
th06::EnemyManager::SpawnEnemy,0x411390,0x122,__thiscall,,Enemy*,EnemyManager*,i32,D3DXVECTOR3*,i16,i16,i32
th06::Enemy::ResetEffectArray,0x4114c0,0x6e,default,,void,Enemy*
th06::EnemyManager::RunEclTimeline,0x411530,0x833,__thiscall,,void,EnemyManager*
th06::Enemy::HandleLifeCallback,0x411da0,0x19c,__thiscall,,i32,Enemy*
th06::Enemy::HandleTimerCallback,0x411f40,0x26f,__thiscall,,i32,Enemy*
th06::Enemy::Despawn,0x4121b0,0x84,__thiscall,,void,Enemy*
th06::Enemy::ClampPos,0x412240,0xd9,__thiscall,,void,Enemy*
th06::EnemyManager::RegisterChain,0x412320,0xc0,default,,ZunResult,char*,char*
th06::EnemyManager::OnUpdate,0x4123e0,0xa5f,default,,ChainCallbackResult,EnemyManager*
th06::Enemy::UpdateEffects,0x412e50,0xbd,default,,void,Enemy*
th06::EnemyManager::OnDraw,0x412f10,0x304,default,,ChainCallbackResult,EnemyManager*
th06::EnemyManager::AddedCallback,0x413220,0xff,__stdcall,,ZunResult,EnemyManager*
th06::EnemyManager::DeletedCallback,0x413320,0x21,default,,ZunResult,EnemyManager*
th06::EnemyManager::CutChain,0x413350,0x23,default,,void
th06::Enemy::Move,0x413380,0xaa,__thiscall,,void,Enemy*
th06::BulletManager::InitializeToZero,0x413430,0x19,__thiscall,,void,BulletManager*
th06::BulletManager::BulletManager,0x413450,0x10e,__thiscall,,BulletManager*,BulletManager*
th06::BulletTypeVms::BulletTypeVms,0x413560,0x50,__thiscall,,AnmVm*,BulletTypeVms*
th06::BulletManager::SpawnSingleBullet,0x4135b0,0xb8b,__thiscall,,i32,BulletManager*,EnemyBulletShooter*,i32,i32,f32
th06::BulletManager::RemoveAllBullets,0x414160,0x1d2,__thiscall,,void,BulletManager*,i32
th06::BulletManager::TurnAllBulletsIntoPoints,0x414340,0x15,__thiscall,,void,BulletManager*
th06::BulletManager::DespawnBullets,0x414360,0x25f,__thiscall,,i32,BulletManager*,i32,i32
th06::BulletManager::SpawnBulletPattern,0x4145c0,0xa5,__thiscall,,ZunResult,BulletManager*,EnemyBulletShooter*
th06::BulletManager::SpawnLaserPattern,0x414670,0x27b,__thiscall,,Laser*,BulletManager*,EnemyLaserShooter*
th06::BulletManager::RegisterChain,0x4148f0,0xd3,default,,ZunResult,char*
th06::BulletManager::OnUpdate,0x4149d0,0x1b10,default,,ChainCallbackResult,BulletManager*
th06::BulletManager::OnDraw,0x416500,0x647,default,,ChainCallbackResult,BulletManager*
th06::BulletManager::DrawBullet,0x416b50,0xea,default,,void,Bullet*
th06::BulletManager::DrawBulletNoHwVertex,0x416c50,0xf4,default,,void,Bullet*
th06::BulletManager::AddedCallback,0x416d60,0x509,__stdcall,,ZunResult,BulletManager*
th06::BulletManager::DeletedCallback,0x417270,0x31,default,,ZunResult,BulletManager*
th06::BulletManager::CutChain,0x4172b0,0x23,default,,void
th06::Gui::IsStageFinished,0x4172d3,0x41,__thiscall,,i32,Gui*
th06::Gui::EndPlayerSpellcard,0x417314,0x18,__thiscall,,void,Gui*
th06::Gui::EndEnemySpellcard,0x41732c,0x18,__thiscall,,void,Gui*
th06::Gui::IsDialogueSkippable,0x417344,0x16,__thiscall,,u8,Gui*
th06::Gui::ShowBonusScore,0x41735a,0x7f,__thiscall,,void,Gui*,u32
th06::Gui::ShowFullPowerMode,0x4173d9,0x7f,__thiscall,,void,Gui*,i32
th06::Gui::ShowSpellcardBonus,0x417458,0x7f,__thiscall,,void,Gui*,u32
th06::Gui::OnUpdate,0x4174d7,0x2b,default,,ChainCallbackResult,Gui*
th06::Gui::OnDraw,0x417502,0x5cb,default,,ChainCallbackResult,Gui*
th06::Gui::ShowBombNamePortrait,0x417acd,0x130,__thiscall,,void,Gui*,u32,char*
th06::Gui::ShowSpellcard,0x417bfd,0x12c,__thiscall,,void,Gui*,i32,char*
th06::Gui::ActualAddedCallback,0x417d29,0x93c,__thiscall,,ZunResult,Gui*
th06::Gui::LoadMsg,0x418665,0xc5,__thiscall,,ZunResult,Gui*,char*
th06::Gui::FreeMsgFile,0x41872a,0x3e,__thiscall,,void,Gui*
th06::Gui::MsgRead,0x418768,0x23,__thiscall,,void,Gui*,i32
th06::GuiImpl::MsgRead,0x41878b,0x13e,__thiscall,,void,GuiImpl*,i32
th06::GuiImpl::RunMsg,0x4188c9,0x7e0,__thiscall,,ZunResult,GuiImpl*
th06::GuiImpl::DrawDialogue,0x4190ec,0x486,__thiscall,,ZunResult,GuiImpl*
th06::Gui::MsgWait,0x419572,0x30,__thiscall,,i32,Gui*
th06::Gui::HasCurrentMsgIdx,0x4195a2,0x1d,__thiscall,,i32,Gui*
th06::Gui::UpdateStageElements,0x4195bf,0x6da,__thiscall,,void,Gui*
th06::Gui::DrawGameScene,0x419c99,0x115a,__thiscall,,void,Gui*
th06::Gui::DrawStageElements,0x41adf3,0x3b1,__thiscall,,void,Gui*
th06::Gui::AddedCallback,0x41b1a4,0xd,default,,ZunResult,Gui*
th06::Gui::DeletedCallback,0x41b1b1,0xa1,default,,ZunResult,Gui*
th06::Gui::RegisterChain,0x41b252,0xf9,default,,ZunResult
th06::GuiImpl::GuiImpl,0x41b34b,0x179,__thiscall,,GuiImpl*,GuiImpl*
th06::GuiMsgVm::GuiMsgVm,0x41b4c4,0xc8,__thiscall,,GuiMsgVm*,GuiMsgVm*
th06::Gui::CutChain,0x41b58c,0x23,default,,void
th06::ZunTimer::NextTick,0x41b5af,0x32,__thiscall,,i32,ZunTimer*
th06::GameManager::IsInBounds,0x41b5e1,0x82,__thiscall,,i32,GameManager*,f32,f32,f32,f32
th06::GameManager::OnUpdate,0x41b663,0x3e7,default,,ChainCallbackResult,GameManager*
th06::GameManager::OnDraw,0x41ba4a,0x20,default,,ChainCallbackResult,GameManager*
th06::GameManager::RegisterChain,0x41ba6a,0x98,default,,ZunResult
th06::GameManager::AddedCallback,0x41bb02,0x6f5,default,,ZunResult,GameManager*
th06::GameManager::DeletedCallback,0x41c1f7,0x72,default,,ZunResult,GameManager*
th06::GameManager::CutChain,0x41c269,0x23,default,,void
th06::GameManager::SetupCameraStageBackground,0x41c28c,0x167,default,,void,f32
th06::GameManager::SetupCamera,0x41c3f3,0x18b,default,,void,f32
th06::GameManager::IncreaseSubrank,0x41c57e,0x7c,__thiscall,,void,GameManager*,i32
th06::GameManager::DecreaseSubrank,0x41c5fa,0x7c,__thiscall,,void,GameManager*,i32
th06::GameManager::GameManager,0x41c676,0x56,__thiscall,,void,GameManager*
th06::Chain::~Chain,0x41c6d0,0x4b,__thiscall,,void,Chain*
th06::ChainElem::ChainElem,0x41c720,0x61,__thiscall,,ChainElem*,ChainElem*
th06::ChainElem::~ChainElem,0x41c790,0x56,__thiscall,,void,ChainElem*
th06::Chain::Chain,0x41c7f0,0x64,__thiscall,,void,Chain*
th06::Chain::AddToCalcChain,0x41c860,0xda,__thiscall,,u32,Chain*,ChainElem*,i32
th06::Chain::AddToDrawChain,0x41c940,0xcd,__thiscall,,u32,Chain*,ChainElem*,i32
th06::Chain::RunCalcChain,0x41ca10,0x9d,__thiscall,,i32,Chain*
th06::Chain::RunDrawChain,0x41cad0,0x9e,__thiscall,,i32,Chain*
th06::Chain::ReleaseSingleChain,0x41cb90,0x17f,__thiscall,,void,Chain*,ChainElem*
th06::Chain::Release,0x41cd10,0x26,__thiscall,,void,Chain*
th06::Chain::CreateElem,0x41cd40,0xa0,__thiscall,,ChainElem*,Chain*,ChainCallback*
th06::Chain::Cut,0x41cde0,0x17c,__thiscall,,void,Chain*,ChainElem*
th06::Controller::GetJoystickCaps,0x41cf60,0x55,__stdcall,,u16
th06::Controller::GetControllerInput,0x41cfc0,0x5c0,__stdcall,,u16,u16
th06::Controller::SetButtonFromDirectInputJoystate,0x41d580,0x7f,__stdcall,,unsigned long,u16*,i16,unsigned long,uchar*
th06::Controller::SetButtonFromControllerInputs,0x41d600,0x75,__stdcall,,unsigned long,u16*,i16,unsigned long,unsigned long
th06::Controller::GetControllerState,0x41d680,0x19e,default,,u8*
th06::Controller::GetInput,0x41d820,0x894,__stdcall,,u16
th06::Controller::ResetKeyboard,0x41e0c0,0x85,default,,void
FUN_0041e150,0x41e150,0xc0,unknown,,u8,u32,u32,u32
FUN_0041e210,0x41e210,0x4b,unknown,,u8,u32,u32,u32,u32
CDocObjectServer::ReleaseDocSite,0x41e260,0x30,__thiscall,,void,CDocObjectServer*
th06::FileSystem::OpenPath,0x41e290,0x1c8,__stdcall,,u8*,char*,i32
th06::FileSystem::WriteDataToFile,0x41e460,0x63,__stdcall,,i32,char*,void*,u32
th06::GameErrorContext::Log,0x41e4d0,0x14b,__stdcall,varargs,char*,GameErrorContext*,char*
th06::GameErrorContext::Fatal,0x41e620,0x155,__stdcall,varargs,void,GameErrorContext*,char*
th06::Rng::GetRandomU16,0x41e780,0x63,__thiscall,,u16,Rng*
th06::Rng::GetRandomU32,0x41e7f0,0x30,__thiscall,,u32,Rng*
th06::Rng::GetRandomF32ZeroToOne,0x41e820,0x2e,__thiscall,,f32,Rng*
th06::utils::AddNormalizeAngle,0x41e850,0x7f,default,,f32,f32,f32
th06::Rotate,0x41e8d0,0x6f,__stdcall,,void,D3DXVECTOR3*,D3DXVECTOR3*,f32
th06::utils::DebugPrint2,0x41e940,0x5,__stdcall,varargs,void,char*
th06::TextHelper::TextHelper,0x41e945,0x3c,__thiscall,,TextHelper*,TextHelper*
th06::TextHelper::~TextHelper,0x41e981,0x11,__thiscall,,void,TextHelper*
th06::TextHelper::ReleaseBuffer,0x41e992,0x72,__thiscall,,bool,TextHelper*
th06::TextHelper::AllocateBufferWithFallback,0x41ea04,0x5f,__thiscall,,bool,TextHelper*,i32,i32,_D3DFORMAT
th06::TextHelper::TryAllocateBuffer,0x41ea63,0x1bf,__thiscall,,bool,TextHelper*,i32,i32,_D3DFORMAT
th06::TextHelper::GetFormatInfo,0x41ec22,0x50,__thiscall,,FormatInfo*,TextHelper*,_D3DFORMAT
th06::TextHelper::InvertAlpha,0x41ec72,0x29f,__thiscall,,bool,TextHelper*,i32,i32,i32,i32
th06::TextHelper::CopyTextToSurface,0x41ef11,0xf7,__thiscall,,bool,TextHelper*,IDirect3DSurface8*
th06::TextHelper::CreateTextBuffer,0x41f008,0x23,default,,void
th06::TextHelper::ReleaseTextBuffer,0x41f02b,0x25,default,,void
th06::TextHelper::RenderTextToTexture,0x41f050,0x1e0,default,,void,i32,i32,i32,i32,i32,i32,ZunColor,ZunColor,char*,IDirect3DTexture8*
th06::ItemManager::ItemManager,0x41f230,0x5a,__thiscall,,ItemManager*,ItemManager*
th06::ItemManager::SpawnItem,0x41f290,0x205,__thiscall,,void,ItemManager*,D3DXVECTOR3*,ItemType,i32
th06::ItemManager::OnUpdate,0x41f4a0,0xc58,__thiscall,,void,ItemManager*
th06::ItemManager::RemoveAllItems,0x420130,0x56,__thiscall,,void,ItemManager*
th06::ItemManager::OnDraw,0x420190,0x198,__thiscall,,void,ItemManager*
WinMain,0x420330,0x3af,__stdcall,,i32,HINSTANCE__*,HINSTANCE__*,char*,i32
th06::GameWindow::Render,0x4206e0,0x466,__thiscall,,RenderResult,GameWindow*
th06::GameWindow::Present,0x420b50,0x76,__thiscall,,void,GameWindow*
th06::GameWindow::InitD3dInterface,0x420bd0,0x35,default,,i32
th06::GameWindow::CreateGameWindow,0x420c10,0x127,default,,void,HINSTANCE__*
th06::GameWindow::WindowProc,0x420d40,0x114,__stdcall,,long,HWND__*,u32,u32,midihdr_tag*
th06::GameWindow::InitD3dRendering,0x420e60,0x5b2,default,,void
th06::GameWindow::InitD3dDevice,0x421420,0x4d9,default,,void
th06::utils::CheckForRunningGameInstance,0x421900,0x4d,__stdcall,,i32
th06::GameErrorContext::Flush,0x421950,0x7e,__thiscall,,void,GameErrorContext*
th06::AnmManager::ReleaseSurfaces,0x4219d0,0x68,__thiscall,,void,AnmManager*
th06::AnmManager::TakeScreenshotIfRequested,0x421a40,0x5e,__thiscall,,void,AnmManager*
th06::MidiDevice::MidiDevice,0x421aa0,0x21,__thiscall,,u32*,MidiDevice*
th06::MidiDevice::~MidiDevice,0x421ad0,0x13,__thiscall,,void,MidiDevice*
th06::MidiDevice::OpenDevice,0x421af0,0x59,__thiscall,,bool,MidiDevice*,u32
th06::MidiDevice::Close,0x421b50,0x3b,__thiscall,,ZunResult,MidiDevice*
th06::MidiDevice::FUN_00421b90,0x421b90,0x4e,__thiscall,,i32,MidiDevice*,midihdr_tag*
th06::MidiDevice::SendShortMsg,0x421be0,0x43,__thiscall,,bool,MidiDevice*,u8,u8,u8
th06::MidiTimer::MidiTimer,0x421c30,0x30,__thiscall,,u32*,MidiTimer*
th06::MidiTimer::~MidiTimer,0x421c60,0x29,__thiscall,,void,MidiTimer*
th06::MidiTimer::FUN_00421c90,0x421c90,0x73,__thiscall,,u32,MidiTimer*,u32,TIMECALLBACK*,unsigned long
th06::MidiTimer::StopTimer,0x421d10,0x3d,__thiscall,,i32,MidiTimer*
th06::MidiTimer::DefaultTimerCallback,0x421d50,0x1a,__stdcall,,u8,u32,u32,MidiOutput*
th06::MidiOutput::FUN_00421d70,0x421d70,0x18,unknown,,u8,u8,u8,u8,u8,u8,u8,u8,u8,u8,u8,u8
th06::MidiOutput::FUN_00421d90,0x421d90,0x55,__stdcall,,i32,void*
th06::MidiOutput::MidiOutput,0x421df0,0x155,__thiscall,,u32*,MidiOutput*
th06::MidiOutput::~MidiOutput,0x421f50,0x93,__thiscall,,void,MidiOutput*
th06::MidiOutput::ReadFileData,0x421ff0,0x79,__thiscall,,u32,MidiOutput*,i32,char*
th06::MidiOutput::ReleaseFileData,0x422070,0x3c,__thiscall,,void,MidiOutput*,u32
th06::MidiOutput::ClearTracks,0x4220b0,0x83,__thiscall,,void,MidiOutput*
th06::MidiOutput::ParseFile,0x422140,0x231,__thiscall,,void,MidiOutput*,i32
th06::MidiOutput::LoadFile,0x422380,0x3a,__thiscall,,ZunResult,MidiOutput*,char*
th06::MidiOutput::FUN_004223c0,0x4223c0,0xcf,__thiscall,,void,MidiOutput*
th06::MidiOutput::Play,0x422490,0x44,__thiscall,,ZunResult,MidiOutput*
th06::MidiOutput::StopPlayback,0x4224e0,0x7c,__thiscall,,ZunResult,MidiOutput*
th06::MidiOutput::UnprepareHeader,0x422560,0xc7,__thiscall,,ZunResult,MidiOutput*,midihdr_tag*
th06::MidiOutput::FUN_00422630,0x422630,0x4f,__thiscall,,u32,MidiOutput*,u32
th06::MidiOutput::OnTimerElapsed,0x422680,0x27b,__thiscall,,void,MidiOutput*
th06::MidiOutput::FUN_00422900,0x422900,0x7ff,__thiscall,,void,MidiOutput*,MidiTrack*
th06::MidiOutput::FUN_00423260,0x423260,0xce,__thiscall,,void,MidiOutput*,i32
th06::AnmManager::~AnmManager,0x423330,0xb,__thiscall,,void,AnmManager*
th06::Supervisor::OnUpdate,0x42333b,0x44a,__stdcall,,ChainCallbackResult,Supervisor*
th06::Supervisor::OnDraw,0x423785,0x7c,__stdcall,,ChainCallbackResult,Supervisor*
th06::Controller::ControllerCallback,0x423801,0x6a,__stdcall,,u8,DIDEVICEOBJECTINSTANCEA*
th06::Supervisor::RegisterChain,0x42386b,0x9f,__stdcall,,ZunResult
th06::Supervisor::AddedCallback,0x42390a,0x20a,__stdcall,,ZunResult,Supervisor*
th06::Supervisor::SetupDInput,0x423b14,0x28c,__stdcall,,ZunResult,Supervisor*
th06::Controller::EnumGameControllersCb,0x423da0,0x3f,__stdcall,,u32,i32
th06::Supervisor::DeletedCallback,0x423ddf,0x160,default,,ZunResult,Supervisor*
th06::Supervisor::DrawFpsCounter,0x423f3f,0x1b1,__stdcall,,void
th06::AnmManager::ReleaseVertexBuffer,0x4240f0,0x37,__thiscall,,void,AnmManager*
th06::ZunTimer::Initialize,0x424127,0x1e,__thiscall,,void,ZunTimer*
th06::ZunTimer::Increment,0x424145,0xa0,__thiscall,,void,ZunTimer*,i32
th06::ZunTimer::Decrement,0x4241e5,0xa0,__thiscall,,void,ZunTimer*,i32
th06::Supervisor::TickTimer,0x424285,0x6e,__thiscall,,void,Supervisor*,i32*,f32*
th06::Supervisor::ReleasePbg3,0x4242f3,0x82,__thiscall,,void,Supervisor*,i32
th06::Supervisor::LoadPbg3,0x424375,0x2d8,__thiscall,,i32,Supervisor*,i32,char*
th06::Supervisor::LoadConfig,0x42464d,0x45f,__thiscall,,ZunResult,Supervisor*,char*
th06::Supervisor::ReadMidiFile,0x424aac,0x38,__thiscall,,i32,Supervisor*,u32,char*
th06::Supervisor::PlayMidiFile,0x424ae4,0x4b,__thiscall,,i32,Supervisor*,i32
th06::Supervisor::SetupMidiPlayback,0x424b2f,0x2e,__thiscall,,ZunResult,Supervisor*,char*
th06::Supervisor::PlayAudio,0x424b5d,0x1db,__thiscall,,ZunResult,Supervisor*,char*
th06::Supervisor::StopAudio,0x424d38,0x4a,__thiscall,,ZunResult,Supervisor*
th06::Supervisor::FadeOutMusic,0x424d82,0xbf,__thiscall,,ZunResult,Supervisor*,f32
th06::SoundPlayer::FadeOut,0x424e41,0x4e,__thiscall,,void,SoundPlayer*,f32
th06::MusicRoom::FUN_00424e8f,0x424e8f,0x1e,__thiscall,,ZunResult,MusicRoom*
th06::MusicRoom::drawMusicList,0x424ead,0x38d,__thiscall,,void,MusicRoom*
th06::MusicRoom::RegisterChain,0x42523a,0xde,default,,ZunResult
th06::MusicRoom::MusicRoom,0x425318,0xc5,__thiscall,,u32*,MusicRoom*
th06::MusicRoom::OnUpdate,0x4253dd,0x7d,__stdcall,,ChainCallbackResult,MusicRoom*
th06::MusicRoom::OnDraw,0x42545a,0x1f2,default,,ChainCallbackResult,MusicRoom*
th06::MusicRoom::AddedCallback,0x42564c,0x74b,__stdcall,,ZunResult,MusicRoom*
th06::MusicRoom::DeletedCallback,0x425d97,0x6c,__stdcall,,ZunResult,MusicRoom*
th06::Player::Player,0x425e10,0x1e8,__thiscall,,Player*,Player*
th06::PlayerInner::PlayerInner,0x426000,0xc2,__thiscall,,PlayerBombInfo*,PlayerInner*
th06::Player::FireBulletReimuA,0x4260d0,0x22,default,,FireBulletResult,Player*,PlayerBullet*,u32,u32
th06::Player::FireSingleBullet,0x426100,0x31b,default,,FireBulletResult,Player*,PlayerBullet*,i32,i32,CharacterPowerData*
th06::Player::FireBulletReimuB,0x426420,0x22,default,,FireBulletResult,Player*,PlayerBullet*,u32,u32
th06::Player::FireBulletMarisaA,0x426450,0x22,default,,FireBulletResult,Player*,PlayerBullet*,u32,u32
th06::Player::FireBulletMarisaB,0x426480,0x22,default,,FireBulletResult,Player*,PlayerBullet*,u32,u32
th06::Player::CalcDamageToEnemy,0x4264b0,0x77d,__thiscall,,i32,Player*,D3DXVECTOR3*,D3DXVECTOR3*,i32*
th06::Player::CalcKillBoxCollision,0x426c40,0x1b0,__thiscall,,i32,Player*,D3DXVECTOR3*,D3DXVECTOR3*
th06::Player::CheckGraze,0x426df0,0x1dd,__thiscall,,i32,Player*,D3DXVECTOR3*,D3DXVECTOR3*
th06::Player::CalcBoxCollision,0x426fd0,0x1ba,__thiscall,,i32,Player*,D3DXVECTOR3*,D3DXVECTOR3*
th06::Player::CalcLaserHitbox,0x427190,0x49c,__thiscall,,i32,Player*,D3DXVECTOR3*,D3DXVECTOR3*,D3DXVECTOR3*,f32,i32
th06::Player::ScoreGraze,0x427630,0x139,__thiscall,,void,Player*,D3DXVECTOR3*
th06::Player::Die,0x427770,0xe6,__thiscall,,void,Player*
th06::Player::HandlePlayerInputs,0x427860,0xd9a,__thiscall,,ZunResult,Player*
th06::Player::StartFireBulletTimer,0x428630,0x45,default,,void,Player*
th06::Player::AngleFromPlayer,0x428680,0x7a,__thiscall,,f32,Player*,D3DXVECTOR3*
th06::Player::AngleToPlayer,0x428700,0x7a,__thiscall,,f32,Player*,D3DXVECTOR3*
th06::Player::RegisterChain,0x428780,0x135,default,,ZunResult,u8
th06::Player::OnUpdate,0x4288c0,0x8ea,default,,ChainCallbackResult,Player*
th06::Player::UpdatePlayerBullets,0x4291b0,0x55b,default,,void,Player*
th06::Player::UpdateFireBulletsTimer,0x429710,0x10c,default,,ZunResult,Player*
th06::Player::SpawnBullets,0x429820,0x10e,default,,void,Player*,u32
th06::Player::OnDrawHighPrio,0x429930,0x1c9,default,,ChainCallbackResult,Player*
th06::Player::DrawBullets,0x429b00,0x8c,default,,void,Player*
th06::Player::OnDrawLowPrio,0x429b90,0x16,default,,ChainCallbackResult,Player*
th06::Player::DrawBulletExplosions,0x429bb0,0x99,default,,void,Player*
th06::Player::AddedCallback,0x429c50,0x45e,default,,ZunResult,Player*
th06::Player::DeletedCallback,0x42a0b0,0x24,default,,ZunResult,Player*
th06::Player::CutChain,0x42a0e0,0x55,default,,void
th06::ValidateReplayData,0x42a140,0x100,default,,ZunResult,ReplayData*,i32
th06::ReplayManager::RegisterChain,0x42a240,0x228,default,,ZunResult,i32,char*
th06::ReplayManager::OnUpdate,0x42a470,0x97,unknown,,u8,ReplayManager*
th06::ReplayManager::DemoOnUpdate,0x42a510,0x51,default,,ChainCallbackResult,ReplayManager*
th06::ReplayManager::FUN_0042a570,0x42a570,0xf2,default,,u32,ReplayManager*
th06::ReplayManager::OnDraw,0x42a670,0xa,unknown,,u8
th06::ReplayManager::AddedCallback,0x42a680,0x1bd,default,,ZunResult,ReplayManager*
th06::ReplayManager::DemoAddedCallback,0x42a840,0x1d5,__stdcall,,ZunResult,ReplayManager*
th06::ReplayManager::DeletedCallback,0x42aa20,0x8c,unknown,,u8,ReplayManager*
th06::ReplayManager::StopRecording,0x42aab0,0x7b,default,,void
th06::SaveReplay,0x42ab30,0x5a9,default,,void,char*,char*
th06::ResultScreen::OpenScore,0x42b0d9,0x1a7,default,,ScoreDat*,char*
th06::ResultScreen::GetHighScore,0x42b280,0x126,default,,u32,ScoreDat*,ScoreListNode*,u32,u32
th06::ResultScreen::LinkScore,0x42b3a6,0x91,default,,i32,ScoreListNode*,Hscr*
th06::ZunFreeArray,0x42b437,0x2f,__stdcall,,void,void*
th06::ResultScreen::ParseCatk,0x42b466,0x9c,default,,ZunResult,ScoreDat*,Catk*
th06::ResultScreen::ParseClrd,0x42b502,0x15c,default,,ZunResult,ScoreDat*,Clrd*
th06::ResultScreen::ParsePscr,0x42b65e,0x17e,default,,ZunResult,ScoreDat*,Pscr*
th06::ResultScreen::ReleaseScoreDat,0x42b7dc,0x2d,default,,void,ScoreDat*
th06::WriteScore,0x42b809,0x424,__stdcall,,void,ResultScreen*
th06::ResultScreen::LinkScoreEx,0x42bc2d,0x2e,__thiscall,,void,ResultScreen*,Hscr*,i32,i32
th06::ResultScreen::FreeScore,0x42bc5b,0x2a,__thiscall,,void,ResultScreen*,i32,i32
th06::ResultScreen::FUN_0042bc85,0x42bc85,0x64f,__thiscall,,u32,ResultScreen*
th06::ResultScreen::FUN_0042c2d4,0x42c2d4,0xdd0,__thiscall,,void,ResultScreen*
th06::ResultScreen::MoveCursor,0x42d0a4,0xeb,__stdcall,,void,ResultScreen*,i32
th06::ResultScreen::MoveCursor_2,0x42d18f,0x103,__thiscall,,u32,ResultScreen*,ResultScreen*,u32
th06::ResultScreen::FUN_0042d292,0x42d292,0xc8,__thiscall,,u32,ResultScreen*
th06::ResultScreen::FUN_0042d35a,0x42d35a,0x419,__thiscall,,u32,ResultScreen*
th06::ResultScreen::RegisterChain,0x42d773,0x12e,default,,ZunResult,i32
th06::ResultScreen::ResultScreen,0x42d8a1,0xed,__thiscall,,void*,ResultScreen*
th06::ResultScreen::OnUpdate,0x42d98e,0xab8,__thiscall,,u8,ResultScreen*,ResultScreen*
th06::ResultScreen::OnDraw,0x42e446,0xc1a,unknown,,u8,ResultScreen*
th06::ResultScreen::AddedCallback,0x42f060,0x55c,default,,ZunResult,ResultScreen*
th06::ResultScreen::DeletedCallback,0x42f5bc,0x108,__thiscall,,u32,ResultScreen*,ResultScreen*
th06::utils::DebugPrint,0x42f6c4,0x5,__stdcall,varargs,void,char*
th06::ScreenEffect::Clear,0x42f6d0,0xb8,unknown,,u8,u32
th06::ScreenEffect::SetViewport,0x42f790,0x66,default,,void,unsigned long
th06::ScreenEffect::OnUpdateEffect0,0x42f800,0xae,default,,ChainCallbackResult,ScreenEffect*
th06::ScreenEffect::DrawSquare,0x42f8b0,0x3c8,default,,void,ZunRect*,unsigned long
th06::OnUpdateEffect2,0x42fc80,0xa8,unknown,,u8,ScreenEffect*
th06::ScreenEffect::RegisterChain,0x42fd30,0x1ac,default,,ScreenEffect*,u32,u32,u32,u32,u32
th06::ScreenEffect::OnDrawEffect0,0x42fee0,0x88,default,,ChainCallbackResult,ScreenEffect*
th06::ScreenEffect::OnDrawEffect2,0x42ff70,0x47,default,,ChainCallbackResult,ScreenEffect*
th06::OnUpdateEffect1,0x42ffc0,0x22c,unknown,,u8,ScreenEffect*
th06::ScreenEffect::AddedCallback,0x4301f0,0x30,default,,ZunResult,ScreenEffect*
th06::ScreenEffect::DeletedCallback,0x430220,0x4b,default,,ZunResult,ScreenEffect*
th06::SoundPlayer::InitializeDSound,0x430270,0x29d,__thiscall,,ZunResult,SoundPlayer*,HWND__*
th06::SoundPlayer::Release,0x430510,0x1cd,__thiscall,,ZunResult,SoundPlayer*
th06::SoundPlayer::LoadSound,0x4306e0,0x310,__thiscall,,ZunResult,SoundPlayer*,i32,char*
th06::SoundPlayer::GetWavFormatData,0x4309f0,0x57,default,,tWAVEFORMATEX*,u8*,char*,i32*,u32
th06::SoundPlayer::LoadWav,0x430a50,0x3b5,__thiscall,,ZunResult,SoundPlayer*,char*
th06::SoundPlayer::LoadPos,0x430e10,0xad,__thiscall,,ZunResult,SoundPlayer*,char*
th06::SoundPlayer::PlayBGM,0x430ec0,0xbe,__thiscall,,u32,SoundPlayer*,u32
th06::SoundPlayer::StopBGM,0x430f80,0xfc,__thiscall,,void,SoundPlayer*
th06::SoundPlayer::InitSoundBuffers,0x431080,0x156,__thiscall,,ZunResult,SoundPlayer*
th06::SoundPlayer::PlaySoundByIdx,0x4311e0,0x85,__thiscall,,void,SoundPlayer*,SoundIdx,i32
th06::SoundPlayer::PlaySounds,0x431270,0x100,__thiscall,,void,SoundPlayer*
th06::SoundPlayer::BackgroundMusicPlayerThread,0x431370,0xb0,__stdcall,,unsigned long,void*
th06::SoundPlayer::SoundPlayer,0x431420,0x4c,__thiscall,,u32*,SoundPlayer*
th06::AnmManager::AnmManager,0x431470,0x1ed,__thiscall,,AnmManager*,AnmManager*
th06::AnmManager::SetupVertexBuffer,0x431660,0x2bc,__thiscall,,void,AnmManager*
th06::AnmManager::LoadTexture,0x431920,0xed,__thiscall,,ZunResult,AnmManager*,i32,char*,i32,unsigned long
th06::AnmManager::LoadTextureAlphaChannel,0x431a10,0x35f,__thiscall,,ZunResult,AnmManager*,i32,char*,i32,unsigned long
th06::AnmManager::CreateEmptyTexture,0x431d70,0x42,__thiscall,,ZunResult,AnmManager*,u32,u32,u32,u32
th06::AnmManager::LoadAnm,0x431dc0,0x270,__thiscall,,ZunResult,AnmManager*,i32,char*,i32
th06::AnmManager::ReleaseAnm,0x432030,0x1a2,__thiscall,,void,AnmManager*,i32
th06::AnmManager::ReleaseTexture,0x4321e0,0x7d,__thiscall,,void,AnmManager*,i32
th06::AnmManager::LoadSprite,0x432260,0x13b,__thiscall,,void,AnmManager*,u32,AnmLoadedSprite*
th06::AnmManager::SetActiveSprite,0x4323a0,0x90,__thiscall,,ZunResult,AnmManager*,AnmVm*,u32
th06::AnmManager::SetAndExecuteScript,0x432430,0x97,__thiscall,,void,AnmManager*,AnmVm*,AnmRawInstr*
th06::AnmManager::SetRenderStateForVm,0x4324d0,0x256,__thiscall,,void,AnmManager*,AnmVm*
th06::AnmManager::DrawInner,0x432730,0x393,__thiscall,,i32,AnmManager*,AnmVm*,i32
th06::AnmManager::DrawNoRotation,0x432ad0,0x1af,__thiscall,,ZunResult,AnmManager*,AnmVm*
th06::AnmManager::TranslateRotation,0x432c80,0x3c,__thiscall,,void,AnmManager*,Vertex_TEX1_XYZRWH*,f32,f32,f32,f32,f32,f32
th06::AnmManager::Draw,0x432cc0,0x2d7,__thiscall,,ZunResult,AnmManager*,AnmVm*
th06::AnmManager::DrawFacingCamera,0x432fa0,0x1af,__thiscall,,ZunResult,AnmManager*,AnmVm*
th06::AnmManager::Draw3,0x433150,0x43e,__thiscall,,ZunResult,AnmManager*,AnmVm*
th06::AnmManager::Draw2,0x433590,0x3cf,__thiscall,,ZunResult,AnmManager*,AnmVm*
th06::AnmManager::ExecuteScript,0x433960,0x1103,__thiscall,,i32,AnmManager*,AnmVm*
th06::AnmManager::DrawTextToSprite,0x434af0,0x61,__thiscall,,void,AnmManager*,u32,i32,i32,i32,i32,i32,i32,ZunColor,ZunColor,char*
th06::AnmManager::DrawVmTextFmt,0x434b60,0xdb,default,varargs,void,AnmManager*,AnmVm*,ZunColor,ZunColor,char*
th06::AnmManager::DrawStringFormat,0x434c40,0x1dc,default,varargs,void,AnmManager*,AnmVm*,ZunColor,ZunColor,char*
th06::AnmManager::DrawStringFormat2,0x434e20,0x1e2,default,varargs,void,AnmManager*,AnmVm*,ZunColor,ZunColor,char*
th06::AnmManager::LoadSurface,0x435010,0x25b,__thiscall,,ZunResult,AnmManager*,u32,char*
th06::AnmManager::ReleaseSurface,0x435270,0x8f,__thiscall,,void,AnmManager*,i32
th06::AnmManager::CopySurfaceToBackBuffer,0x435300,0x1bd,__thiscall,,void,AnmManager*,i32,long,long,long,long
th06::AnmManager::DrawEndingRect,0x4354c0,0x1a8,__thiscall,,void,AnmManager*,i32,long,long,i32,i32,i32,i32
th06::AnmManager::TakeScreenshot,0x435670,0xed,__thiscall,,void,AnmManager*,i32,i32,i32,i32,i32
th06::MainMenu::MainMenu,0x43575d,0x42,__thiscall,,void,MainMenu*
th06::MainMenu::OnUpdate,0x43579f,0x1d31,__stdcall,,ChainCallbackResult,MainMenu*
th06::MainMenu::MoveCursor,0x43753c,0x136,default,,i32,MainMenu*,i32
th06::MainMenu::SelectRelated,0x437672,0x131,default,,void,MainMenu*,u16,u16,i32
th06::MainMenu::DrawMenuItem,0x4377a3,0xff,__stdcall,,void,AnmVm*,i32,i32,unsigned long,unsigned long,i32
th06::MainMenu::BeginStartup,0x4378a2,0x142,__thiscall,,ZunResult,MainMenu*
th06::MainMenu::WeirdSecondInputCheck,0x4379e4,0x15d,__thiscall,,i32,MainMenu*
th06::MainMenu::DrawStartMenu,0x437b41,0x68b,__thiscall,,ZunResult,MainMenu*
th06::MainMenu::ReplayHandling,0x4381ec,0x9d5,__thiscall,,i32,MainMenu*
th06::MainMenu::DrawReplayMenu,0x438bc1,0x337,__thiscall,,ZunResult,MainMenu*
th06::MainMenu::ColorMenuItem,0x438ef8,0x23f,__thiscall,,void,MainMenu*,AnmVm*,i32,i32,i32
th06::MainMenu::OnUpdateOptionsMenu,0x439137,0x82e,__thiscall,,i32,MainMenu*
th06::MainMenu::ChoosePracticeLevel,0x439965,0x171,__thiscall,,ZunResult,MainMenu*
th06::MainMenu::OnDraw,0x439ad6,0x2ca,default,,ChainCallbackResult,MainMenu*
th06::MainMenu::LoadTitleAnm,0x439da0,0x1e8,__stdcall,,u32,MainMenu*
th06::MainMenu::LoadDiffCharSelect,0x439f88,0x264,default,,ZunResult,MainMenu*
th06::MainMenu::LoadReplayMenu,0x43a1ec,0x14c,default,,ZunResult,MainMenu*
th06::MainMenu::RegisterChain,0x43a338,0x12c,default,,ZunResult,u32
th06::MainMenu::AddedCallback,0x43a464,0x1f5,default,,ZunResult,MainMenu*
th06::MainMenu::DeletedCallback,0x43a659,0xb1,default,,ZunResult,MainMenu*
th06::MainMenu::ReleaseTitleAnm,0x43a70a,0x2c,default,,void
th06::GameManager::HasReachedMaxClears,0x43a736,0x70,__thiscall,,i32,GameManager*,i32,i32
th06::CSoundManager::CSoundManager,0x43a7b0,0x17,__thiscall,,u32*,CSoundManager*
th06::CSoundManager::~CSoundManager,0x43a7d0,0x2c,__thiscall,,void,CSoundManager*
th06::CSoundManager::Initialize,0x43a800,0x8e,__thiscall,,i32,CSoundManager*,HWND__*,unsigned long,u32,i32,u32
th06::CSoundManager::SetPrimaryBufferFormat,0x43a890,0x12d,__thiscall,,long,CSoundManager*,unsigned long,unsigned long,unsigned long
th06::CSoundManager::CreateStreaming,0x43a9c0,0x2cb,__thiscall,,long,CSoundManager*,CStreamingSound**,char*,unsigned long,_GUID,unsigned long,unsigned long,void*
th06::CSound::CSound,0x43ac90,0xd3,__thiscall,,u32*,CSound*,IDirectSoundBuffer**,u32,u32,u32
th06::CSound::operator_delete,0x43ad70,0x2e,__thiscall,,void*,CSound*,u32
th06::CSound::~CSound,0x43ada0,0xf1,__thiscall,,void,CSound*
th06::CSound::FillBufferWithSound,0x43aea0,0x1e5,__thiscall,,i32,CSound*,IDirectSoundBuffer*,i32
th06::CSound::RestoreBuffer,0x43b090,0xa3,__thiscall,,i32,CSound*,IDirectSoundBuffer*,i32*
th06::CSound::GetFreeBuffer,0x43b140,0xb6,__thiscall,,u32,CSound*
th06::CSound::GetBuffer,0x43b200,0x35,__thiscall,,u32,CSound*,unsigned long
th06::CSound::Play,0x43b240,0xb6,__thiscall,,i32,CSound*,u32,u32
th06::CSound::Stop,0x43b300,0xa4,__thiscall,,u32,CSound*
th06::CSound::Reset,0x43b3b0,0x6e,__thiscall,,u32,CSound*
th06::CStreamingSound::CStreamingSound,0x43b420,0x60,__thiscall,,u32*,CStreamingSound*,IDirectSoundBuffer*,unsigned long,CWaveFile*,u32
th06::CStreamingSound::operator_delete,0x43b480,0x2e,__thiscall,,void*,CStreamingSound*,u32
th06::CStreamingSound::~CStreamingSound,0x43b4b0,0x1c,__thiscall,,void,CStreamingSound*
th06::CStreamingSound::UpdateFadeOut,0x43b4d0,0x8f,__thiscall,,u32,CStreamingSound*
th06::CStreamingSound::HandleWaveStreamNotification,0x43b560,0x377,__thiscall,,i32,CStreamingSound*,i32
th06::CStreamingSound::Reset,0x43b8e0,0xc2,__thiscall,,long,CStreamingSound*
th06::CWaveFile::CWaveFile,0x43b9b0,0x52,__thiscall,,CWaveFile*,CWaveFile*
th06::CWaveFile::~CWaveFile,0x43ba10,0x46,__thiscall,,void,CWaveFile*
th06::CWaveFile::Open,0x43ba60,0x180,__thiscall,,i32,CWaveFile*,char*,u32,unsigned long
th06::CWaveFile::ReadMMIO,0x43bc00,0x241,__thiscall,,u32,CWaveFile*
th06::CWaveFile::GetSize,0x43be50,0x11,__thiscall,,u32,CWaveFile*
th06::CWaveFile::ResetFile,0x43be70,0x201,__thiscall,,u32,CWaveFile*,bool
th06::CWaveFile::Read,0x43c080,0x239,__thiscall,,u32,CWaveFile*,u32*,u32,u32*
th06::CWaveFile::Close,0x43c2c0,0x2f,__thiscall,,u32,CWaveFile*
th06::IPbg3Parser::Reset,0x43c2f0,0x13,__thiscall,,void,IPbg3Parser*
th06::IPbg3Parser::ReadVarInt,0x43c310,0x5f,__thiscall,,u32,IPbg3Parser*
th06::IPbg3Parser::ReadMagic,0x43c380,0x40,__thiscall,,i32,IPbg3Parser*
th06::IPbg3Parser::ReadString,0x43c3c0,0x49,__thiscall,,i32,IPbg3Parser*,char*,u32
th06::Pbg3ParserVtableAssign,0x43c410,0x7,__thiscall,,void,void*
th06::IPbg3Parser::operator_delete,0x43c420,0x20,__thiscall,,Pbg3Parser*,IPbg3Parser*,u8
th06::Pbg3Parser::Pbg3Parser,0x43c440,0x5a,__thiscall,,Pbg3Parser*,Pbg3Parser*
th06::Pbg3Parser::OpenArchive,0x43c4a0,0x49,__thiscall,,u32,Pbg3Parser*,char*
th06::Pbg3Parser::Close,0x43c4f0,0x11,__thiscall,,u8,Pbg3Parser*
th06::Pbg3Parser::ReadBit,0x43c510,0x59,__thiscall,,i32,Pbg3Parser*
th06::Pbg3Parser::ReadInt,0x43c570,0x7b,__thiscall,,u32,Pbg3Parser*,char
th06::Pbg3Parser::ReadByteAssumeAligned,0x43c5f0,0x16,__thiscall,,u8,Pbg3Parser*
th06::Pbg3Parser::SeekToOffset,0x43c610,0x40,__thiscall,,u32,Pbg3Parser*,u32
th06::Pbg3Parser::SeekToNextByte,0x43c650,0x27,__thiscall,,u32,Pbg3Parser*
th06::Pbg3Parser::ReadByteAlignedData,0x43c680,0x25,__thiscall,,i32,Pbg3Parser*,u8*,unsigned long
th06::Pbg3Parser::GetLastWriteTime,0x43c6b0,0x20,__thiscall,,i32,Pbg3Parser*,_FILETIME*
th06::Pbg3Parser::ReadByte,0x43c6d0,0x8,__thiscall,,void,Pbg3Parser*
th06::Pbg3Parser::~Pbg3Parser,0x43c6e0,0x69,__thiscall,,void,Pbg3Parser*
th06::Pbg3Parser::operator_delete,0x43c750,0x1e,__thiscall,,Pbg3Parser*,Pbg3Parser*,u8
th06::Pbg3Archive::Pbg3Archive,0x43c770,0x13,__thiscall,,void,Pbg3Archive*
th06::Pbg3Archive::ParseHeader,0x43c790,0x131,__thiscall,,i32,Pbg3Archive*
th06::Pbg3Archive::Release,0x43c8d0,0x4e,__thiscall,,u32,Pbg3Archive*
th06::Pbg3Archive::FindEntry,0x43c920,0x64,__thiscall,,u32,Pbg3Archive*,char*
th06::Pbg3Archive::GetEntrySize,0x43c990,0x25,__thiscall,,u32,Pbg3Archive*,u32
th06::Pbg3Archive::ReadEntryRaw,0x43c9c0,0xbd,__thiscall,,u8*,Pbg3Archive*,i32*,i32*,i32
th06::Pbg3Archive::Load,0x43ca90,0xa5,__thiscall,,i32,Pbg3Archive*,char*
th06::Pbg3Archive::ReadDecompressEntry,0x43cb40,0x2f1,__thiscall,,u8*,Pbg3Archive*,u32,char*
th06::FileAbstraction::FileAbstraction,0x43ce40,0x17,__thiscall,,void,FileAbstraction*
th06::FileAbstraction::Open,0x43ce60,0xbe,__thiscall,,i32,FileAbstraction*,char*,char*
th06::FileAbstraction::Close,0x43cf20,0x22,__thiscall,,void,FileAbstraction*
th06::FileAbstraction::Read,0x43cf50,0x2c,__thiscall,,i32,FileAbstraction*,u8*,unsigned long,unsigned long*
th06::FileAbstraction::Write,0x43cf80,0x2c,__thiscall,,i32,FileAbstraction*,void*,unsigned long,unsigned long*
th06::FileAbstraction::ReadByte,0x43cfb0,0x34,__thiscall,,u8,FileAbstraction*
th06::FileAbstraction::WriteByte,0x43cff0,0x36,__thiscall,,u8,FileAbstraction*,u8
th06::FileAbstraction::Seek,0x43d030,0x28,__thiscall,,i32,FileAbstraction*,long,unsigned long
th06::FileAbstraction::Tell,0x43d060,0x19,__thiscall,,unsigned long,FileAbstraction*
th06::FileAbstraction::GetSize,0x43d080,0x15,__thiscall,,unsigned long,FileAbstraction*
th06::FileAbstraction::ReadWholeFile,0x43d0a0,0x85,__thiscall,,void*,FileAbstraction*,u32
th06::FileAbstraction::~FileAbstraction,0x43d130,0x28,__thiscall,,void,FileAbstraction*
D3DXVec4Transform,0x43ebb2,0x99,__stdcall,,D3DXVECTOR4*,D3DXVECTOR4*,D3DXVECTOR4*,_D3DMATRIX*
D3DXMatrixMultiply,0x43ec4b,0xe3,__stdcall,,_D3DMATRIX*,_D3DMATRIX*,_D3DMATRIX*,_D3DMATRIX*
D3DXMatrixTranspose,0x43ed2e,0x6d,__stdcall,,_D3DMATRIX*,_D3DMATRIX*,_D3DMATRIX*
D3DXMatrixRotationX,0x43ed9b,0x7a,__stdcall,,_D3DMATRIX*,_D3DMATRIX*,f32
D3DXMatrixRotationY,0x43ee15,0x7b,__stdcall,,_D3DMATRIX*,_D3DMATRIX*,f32
D3DXMatrixRotationZ,0x43ee90,0x7c,__stdcall,,_D3DMATRIX*,_D3DMATRIX*,f32
D3DXMatrixRotationQuaternion,0x43ef0c,0xe2,__stdcall,,_D3DMATRIX*,_D3DMATRIX*,D3DXQUATERNION*
D3DXMatrixPerspectiveFovLH,0x43efee,0x94,__stdcall,,_D3DMATRIX*,_D3DMATRIX*,f32,f32,f32,f32
D3DXVec3Cross,0x43f082,0x4c,__stdcall,,void,D3DXVECTOR3*,D3DXVECTOR3*,D3DXVECTOR3*
D3DXVec3Normalize,0x43f0ce,0xa7,__stdcall,,D3DXVECTOR3*,D3DXVECTOR3*,D3DXVECTOR3*
D3DXVec3TransformCoord,0x43f175,0xd0,__stdcall,,D3DXVECTOR3*,D3DXVECTOR3*,D3DXVECTOR3*,_D3DMATRIX*
D3DXVec3Project,0x43f245,0xfd,__stdcall,,D3DXVECTOR3*,D3DXVECTOR3*,D3DXVECTOR3*,_D3DVIEWPORT8*,_D3DMATRIX*,_D3DMATRIX*,_D3DMATRIX*
D3DXMatrixTransformation,0x43f362,0x1ff,__stdcall,,_D3DMATRIX*,_D3DMATRIX*,D3DXVECTOR3*,D3DXQUATERNION*,D3DXVECTOR3*,D3DXVECTOR3*,D3DXQUATERNION*,D3DXVECTOR3*
D3DXMatrixLookAtLH,0x43f561,0x106,__stdcall,,_D3DMATRIX*,_D3DMATRIX*,D3DXVECTOR3*,D3DXVECTOR3*,D3DXVECTOR3*
D3DXCreateFontIndirect,0x43f667,0x74,__stdcall,,long,IDirect3DDevice8*,ID3DXSprite**
D3DXCreateSprite,0x43f6db,0x6a,__stdcall,,long,IDirect3DDevice8*,ID3DXSprite**
D3DXCreateFont,0x43f745,0x33,__stdcall,,long,IDirect3DDevice8*,HFONT__*,ID3DXFont**
FI_Find,0x43f778,0x24,unknown,,u8,u32
FI_Score,0x43f79c,0x80,unknown,,u8
CheckTextureRequirements,0x43f81c,0x3e2,unknown,,u8,u32,u32,u32,u32,u32,u32,u32,u32
D3DXLoadSurfaceFromMemory,0x43fbfe,0x236,__stdcall,,long,IDirect3DSurface8*,tagPALETTEENTRY*,tagRECT*,void*,_D3DFORMAT,u32,tagPALETTEENTRY*,tagRECT*,unsigned long,unsigned long
D3DXCheckTextureRequirements,0x43fe34,0x28,__stdcall,,long,IDirect3DDevice8*,u32*,u32*,u32*,unsigned long,_D3DFORMAT*,_D3DPOOL
D3DXCreateTexture,0x43fe5c,0x66,__stdcall,,long,IDirect3DDevice8*,u32,u32,u32,unsigned long,_D3DFORMAT,_D3DPOOL,IDirect3DTexture8**
D3DXLoadSurfaceFromFileInMemory,0x43fec2,0xb6,__stdcall,,long,IDirect3DSurface8*,tagPALETTEENTRY*,tagRECT*,void*,u32,tagRECT*,unsigned long,unsigned long,_D3DXIMAGE_INFO*
D3DXLoadSurfaceFromSurface,0x43ff78,0x11d,__stdcall,,long,IDirect3DSurface8*,tagPALETTEENTRY*,tagRECT*,IDirect3DSurface8*,tagPALETTEENTRY*,tagRECT*,unsigned long,unsigned long
D3DXFilterTexture,0x440095,0x131,__stdcall,,long,IDirect3DTexture8*,tagPALETTEENTRY*,u32,unsigned long
D3DXCreateTextureFromFileInMemoryEx,0x4401c6,0x411,__stdcall,,long,IDirect3DDevice8*,void*,u32,u32,u32,u32,unsigned long,_D3DFORMAT,_D3DPOOL,unsigned long,unsigned long,unsigned long,_D3DXIMAGE_INFO*,tagPALETTEENTRY*,IDirect3DTexture8**
CD3DXFont::~CD3DXFont,0x4405d7,0x32,unknown,,u8
CD3DXFont::AddRef,0x440609,0xd,unknown,,u8
CD3DXFont::Initialize,0x440616,0x52,unknown,,u8,u32,u32
CD3DXFont::GetDevice,0x440668,0x26,unknown,,u8
CD3DXFont::GetLogFont,0x44068e,0x24,unknown,,u8,u32,u32
CD3DXFont::Begin,0x4406b2,0xf,unknown,,u8
CD3DXFont::End,0x4406c1,0xf,unknown,,u8
CD3DXFont::DrawTextA,0x4406d0,0x26,__stdcall,,i32,HDC__*,char*,i32,tagRECT*,u32
CD3DXFont::DrawTextW,0x4406f6,0x26,__stdcall,,i32,HDC__*,wchar_t*,i32,tagRECT*,u32
CD3DXFont::QueryInterface,0x44071c,0x44,unknown,,u8,u32,u32,u32
CD3DXFont::Release,0x440760,0x21,unknown,,u8,u32
CD3DXFont::CD3DXFont,0x440781,0x1b,unknown,,u8
CD3DXSprite::~CD3DXSprite,0x44079c,0x40,unknown,,u8
CD3DXSprite::Initialize,0x4407dc,0x287,unknown,,u8,u32
CD3DXSprite::AddRef,0x440a63,0x26,unknown,,u8
CD3DXSprite::Begin,0x440a89,0x3d,unknown,,u8,u32
CD3DXSprite::End,0x440ac6,0x2b,unknown,,u8,u32
CD3DXSprite::QueryInterface,0x440af1,0x44,unknown,,u8,u32,u32,u32
CD3DXSprite::Release,0x440b35,0x21,unknown,,u8,u32
CD3DXSprite::Draw,0x440b56,0xd7,unknown,,u8,u32,u32,u32,u32,u32,u32,u32,u32
CD3DXSprite::DrawTransform,0x440c2d,0x2bf,unknown,,u8
CD3DXSprite::CD3DXSprite,0x440eec,0x1e,unknown,,u8
CD3DXBlt::CD3DXBlt,0x440f0a,0xa,__fastcall,,void,u32*
CD3DXBlt::~CD3DXBlt,0x440f14,0x1e,__fastcall,,void,i32*
TF_Row::~TF_Row,0x440f32,0x22,unknown,,u8
TF_SetupTriangle,0x440f54,0x2a1,unknown,,u8,u32,u32,u32
CD3DXBlt::BltTriangle2D,0x4411f5,0x3b6,unknown,,u8
CD3DXBlt::BltTriangle3D,0x4415ab,0x4d7,unknown,,u8
CD3DXBlt::BltSame_DXTn,0x441a82,0x181,unknown,,u8
CD3DXBlt::BltBox2D_R8G8B8,0x441c03,0x6,unknown,,u8
CD3DXBlt::BltBox2D_A8R8G8B8,0x441c09,0x15e,unknown,,u8
CD3DXBlt::BltBox2D_X8R8G8B8,0x441d67,0x11c,unknown,,u8
CD3DXBlt::BltBox2D_R5G6B5,0x441e83,0x150,unknown,,u8
CD3DXBlt::BltBox2D_X1R5G5B5,0x441fd3,0x124,unknown,,u8
CD3DXBlt::BltBox2D_A1R5G5B5,0x4420f7,0x14f,unknown,,u8
CD3DXBlt::BltBox2D_A4R4G4B4,0x442246,0x153,unknown,,u8
CD3DXBlt::BltBox2D_R3G3B2,0x442399,0x13f,unknown,,u8
CD3DXBlt::BltBox2D_A8,0x4424d8,0x9b,unknown,,u8
CD3DXBlt::BltBox2D_A8R3G3B2,0x442573,0x14c,unknown,,u8
CD3DXBlt::BltBox2D_X4R4G4B4,0x4426bf,0x121,unknown,,u8
CD3DXBlt::BltBox2D_A8L8,0x4427e0,0x14c,unknown,,u8
CD3DXBlt::BltBox2D_A4L4,0x44292c,0x13f,unknown,,u8
F2IBegin,0x442a6b,0x23,unknown,,u8
F2IEnd,0x442a8e,0x10,unknown,,u8
CD3DXBlt::BltSame,0x442a9e,0x132,unknown,,u8
CD3DXBlt::BltCopy,0x442bd0,0xa2,unknown,,u8
CD3DXBlt::BltNone,0x442c72,0x175,unknown,,u8
CD3DXBlt::BltPoint,0x442de7,0x196,unknown,,u8
CD3DXBlt::BltBox2D,0x442f7d,0x375,unknown,,u8
CD3DXBlt::BltBox3D,0x443312,0x3a9,unknown,,u8
LF_SetupLinear,0x4436bb,0xd1,unknown,,u8,u32
CD3DXBlt::BltLinear2D,0x44378c,0x341,unknown,,u8
CD3DXBlt::BltLinear3D,0x443acd,0x64d,unknown,,u8
CD3DXBlt::Blt,0x44411a,0x112,__thiscall,,u32,i32*,i32,u32,u32
CD3DXImage::CD3DXImage,0x44422c,0x19,__fastcall,,void,CD3DXImage*
CD3DXImage::~CD3DXImage,0x444245,0x59,__fastcall,,void,CD3DXImage*
CD3DXImage::LoadDIB,0x44429e,0x63b,__thiscall,,u32,u32*,u32*,u32
d3dx_jpeg_error_exit,0x4448d9,0x1b,unknown,,u8,u32
d3dx_jpeg_output_message,0x4448f5,0x1d,unknown,,u8,u32
d3dx_jpeg_fill_input_buffer,0x444912,0x15,unknown,,u8,u32
d3dx_jpeg_skip_input_data,0x444927,0x11,unknown,,u8,u32,u32
d3dx_jpeg_term_source,0x444938,0x1,unknown,,u8
CD3DXImage::LoadJPG,0x444939,0x255,unknown,,u8,u32,u32
CD3DXImage::LoadTGA,0x444b8e,0x478,unknown,,u8,u32,u32
CD3DXImage::LoadPPM,0x445006,0x282,unknown,,u8,u32,u32
d3dx_png_read_fn,0x445288,0x43,unknown,,u8
CD3DXImage::LoadPNG,0x4452cb,0x516,unknown,,u8,u32,u32
CD3DXImage::LoadDDS,0x4457e1,0x313,unknown,,u8,u32,u32
CD3DXImage::LoadBMP,0x445af4,0x30,__thiscall,,u32,CD3DXImage*,u8*,u32
CD3DXImage::Load,0x445b24,0x15a,__thiscall,,u32,CD3DXImage*,u8*,i32,u32*
CD3DXText::CD3DXText,0x445c7e,0x3f,unknown,,u8
CD3DXText::~CD3DXText,0x445cbd,0xcb,unknown,,u8
CD3DXText::AddRef,0x445d88,0x3,unknown,,u8
CD3DXText::Initialize,0x445d8b,0x1ba,unknown,,u8,u32
CD3DXText::Begin,0x445f45,0x42,unknown,,u8
CD3DXText::End,0x445f87,0x30,unknown,,u8
CD3DXText::Release,0x445fb7,0x15,unknown,,u8
CD3DXText::Create,0x445fcc,0x7c,unknown,,u8,u32,u32
CD3DXText::DrawTextAW,0x446048,0x59a,unknown,,u8,u32,u32,u32,u32,u32,u32,u32
CD3DXCodec::~CD3DXCodec,0x4465e2,0x7,unknown,,u8
FUN_004465e9,0x4465e9,0x3,unknown,,u8
D3DXCOLOR::D3DXCOLOR,0x4465ec,0x56,unknown,,u8,u32
CD3DXCodec_V8U8::Decode,0x446642,0x69,unknown,,u8,u32,u32,u32
CD3DXCodec_L6V5U5::Decode,0x4466ab,0x96,unknown,,u8,u32,u32,u32
CD3DXCodec_X8L8V8U8::Decode,0x446741,0x78,unknown,,u8,u32,u32,u32
CD3DXCodec_Q8W8V8U8::Decode,0x4467b9,0x7e,unknown,,u8,u32,u32,u32
CD3DXCodec_V16U16::Decode,0x446837,0x6a,unknown,,u8,u32,u32,u32
CD3DXCodec_W11V11U10::Decode,0x4468a1,0x9f,unknown,,u8,u32,u32,u32
D3DXCOLOR::operator-,0x446940,0x2c,unknown,,u8,u32,u32
F2IBegin,0x44696c,0x23,unknown,,u8
F2IEnd,0x44698f,0x10,unknown,,u8
CD3DXCodec::CD3DXCodec,0x44699f,0x1e9,unknown,,u8,u32,u32,u32
CD3DXCodec::`vector_deleting_destructor',0x446b88,0x1c,unknown,,u8,u8
CD3DXCodec::ColorKey,0x446ba4,0x70,unknown,,u8,u32
CD3DXCodec_R8G8B8::Encode,0x446c14,0xc1,unknown,,u8,u32,u32,u32
CD3DXCodec_A8R8G8B8::Encode,0x446cd5,0xf9,unknown,,u8,u32,u32,u32
CD3DXCodec_X8R8G8B8::Encode,0x446dce,0xd7,unknown,,u8,u32,u32,u32
CD3DXCodec_R5G6B5::Encode,0x446ea5,0xd7,unknown,,u8,u32,u32,u32
CD3DXCodec_X1R5G5B5::Encode,0x446f7c,0xd7,unknown,,u8,u32,u32,u32
CD3DXCodec_A1R5G5B5::Encode,0x447053,0xf3,unknown,,u8,u32,u32,u32
CD3DXCodec_A4R4G4B4::Encode,0x447146,0xf9,unknown,,u8,u32,u32,u32
CD3DXCodec_R3G3B2::Encode,0x44723f,0xd1,unknown,,u8,u32,u32,u32
CD3DXCodec_A8::Encode,0x447310,0x82,unknown,,u8,u32,u32,u32
CD3DXCodec_A8R3G3B2::Encode,0x447392,0xf9,unknown,,u8,u32,u32,u32
CD3DXCodec_X4R4G4B4::Encode,0x44748b,0xd7,unknown,,u8,u32,u32,u32
CD3DXCodec_A8P8::Encode,0x447562,0xfd,unknown,,u8,u32,u32,u32
CD3DXCodec_P8::Encode,0x44765f,0xba,unknown,,u8,u32,u32,u32
CD3DXCodec_L8::Encode,0x447719,0x9e,unknown,,u8,u32,u32,u32
CD3DXCodec_A8L8::Encode,0x4477b7,0xd0,unknown,,u8,u32,u32,u32
CD3DXCodec_A4L4::Encode,0x447887,0xc8,unknown,,u8,u32,u32,u32
CD3DXCodec_V8U8::Encode,0x44794f,0xb0,unknown,,u8,u32,u32,u32
CD3DXCodec_L6V5U5::Encode,0x4479ff,0xdf,unknown,,u8,u32,u32,u32
CD3DXCodec_X8L8V8U8::Encode,0x447ade,0xe7,unknown,,u8,u32,u32,u32
CD3DXCodec_Q8W8V8U8::Encode,0x447bc5,0x111,unknown,,u8,u32,u32,u32
CD3DXCodec_V16U16::Encode,0x447cd6,0xb1,unknown,,u8,u32,u32,u32
CD3DXCodec_W11V11U10::Encode,0x447d87,0xec,unknown,,u8,u32,u32,u32
CD3DXCodec_R8G8B8::Decode,0x447e73,0x8c,unknown,,u8,u32,u32,u32
CD3DXCodec_A8R8G8B8::Decode,0x447eff,0xa2,unknown,,u8,u32,u32,u32
CD3DXCodec_X8R8G8B8::Decode,0x447fa1,0x98,unknown,,u8,u32,u32,u32
CD3DXCodec_R5G6B5::Decode,0x448039,0xa5,unknown,,u8,u32,u32,u32
CD3DXCodec_X1R5G5B5::Decode,0x4480de,0xa2,unknown,,u8,u32,u32,u32
CD3DXCodec_A1R5G5B5::Decode,0x448180,0xb0,unknown,,u8,u32,u32,u32
CD3DXCodec_A4R4G4B4::Decode,0x448230,0xaf,unknown,,u8,u32,u32,u32
CD3DXCodec_R3G3B2::Decode,0x4482df,0xa2,unknown,,u8,u32,u32,u32
CD3DXCodec_A8::Decode,0x448381,0x72,unknown,,u8,u32,u32,u32
CD3DXCodec_A8R3G3B2::Decode,0x4483f3,0xb2,unknown,,u8,u32,u32,u32
CD3DXCodec_X4R4G4B4::Decode,0x4484a5,0x9f,unknown,,u8,u32,u32,u32
CD3DXCodec_A8P8::Decode,0x448544,0x87,unknown,,u8,u32,u32,u32
CD3DXCodec_P8::Decode,0x4485cb,0x64,unknown,,u8
CD3DXCodec_L8::Decode,0x44862f,0x6e,unknown,,u8,u32,u32,u32
CD3DXCodec_A8L8::Decode,0x44869d,0x89,unknown,,u8,u32,u32,u32
CD3DXCodec_A4L4::Decode,0x448726,0x89,unknown,,u8,u32,u32,u32
CD3DXCodecYUV::CD3DXCodecYUV,0x4487af,0xd1,unknown,,u8
CD3DXCodecYUV::Commit,0x448880,0x1f3,unknown,,u8
CD3DXCodecYUV::Fetch,0x448a73,0x2d1,unknown,,u8,u32,u32,u32
CD3DXCodecYUV::Encode,0x448d44,0x78,unknown,,u8,u32,u32,u32
CD3DXCodecYUV::Decode,0x448dbc,0x6f,unknown,,u8,u32,u32,u32
CD3DXCodecDXT::CD3DXCodecDXT,0x448e2b,0x117,unknown,,u8
CD3DXCodecDXT::Commit,0x448f42,0x32d,unknown,,u8
CD3DXCodecDXT::Fetch,0x44926f,0x2a7,unknown,,u8,u32,u32,u32
CD3DXCodecDXT::Encode,0x449516,0x86,unknown,,u8,u32,u32,u32
CD3DXCodecDXT::Decode,0x44959c,0x74,unknown,,u8
FUN_00449610,0x449610,0x1c,unknown,,u8,u8
CD3DXCodecYUV::~CD3DXCodecYUV,0x449631,0x45,unknown,,u8
CD3DXCodecDXT::~CD3DXCodecDXT,0x449676,0x54,__fastcall,,void,u32*
Create,0x4496ca,0x5e4,unknown,,u8
CD3DXCodec::Create,0x449cda,0x1c,unknown,,u8
CD3DXCodecYUV::`scalar_deleting_destructor',0x449cf6,0x1c,unknown,,u8,u8
CD3DXCodecDXT::`scalar_deleting_destructor',0x449d12,0x1c,unknown,,u8,u8
CD3DXCodecDXT::`scalar_deleting_destructor',0x449d33,0x1c,unknown,,u8,u8
D3DX::jpeg_CreateDecompress,0x449d54,0xc0,unknown,,u8,u32,u32,u32
D3DX::default_decompress_parms,0x449e19,0x17f,unknown,,u8
D3DX::jpeg_consume_input,0x449f98,0x9a,unknown,,u8,u32
D3DX::jpeg_finish_decompress,0x44a032,0xa1,unknown,,u8,u32
D3DX::jpeg_read_header,0x44a0d3,0x63,unknown,,u8,u32
D3DX::output_pass_setup,0x44a136,0xa4,unknown,,u8
D3DX::jpeg_read_scanlines,0x44a1da,0x84,unknown,,u8,u32,u32,u32
D3DX::jpeg_start_decompress,0x44a25e,0xc1,unknown,,u8,u32
D3DX::get_soi,0x44a31f,0x8e,unknown,,u8
D3DX::get_sof,0x44a3ad,0x2fb,unknown,,u8,u32
D3DX::get_sos,0x44a6a8,0x2e9,unknown,,u8
D3DX::get_app0,0x44a991,0x23c,unknown,,u8,u32
D3DX::get_app14,0x44abcd,0x17a,unknown,,u8,u32
D3DX::get_dac,0x44ad47,0x157,unknown,,u8
D3DX::get_dht,0x44ae9e,0x294,unknown,,u8
D3DX::get_dqt,0x44b132,0x24a,unknown,,u8
D3DX::get_dri,0x44b37c,0xdf,unknown,,u8,u32
D3DX::skip_variable,0x44b45b,0x9c,unknown,,u8,u32
D3DX::next_marker,0x44b4f7,0xd7,unknown,,u8,u32
D3DX::first_marker,0x44b5ce,0x98,unknown,,u8
D3DX::read_markers,0x44b666,0x1f4,unknown,,u8
D3DX::read_restart_marker,0x44b85a,0x7e,unknown,,u8,u32
D3DX::jpeg_resync_to_restart,0x44b8d8,0xef,unknown,,u8,u32,u32
D3DX::reset_marker_reader,0x44b9c7,0x2a,unknown,,u8,u32
D3DX::jinit_marker_reader,0x44b9f1,0x7d,unknown,,u8,u32
D3DX::error_exit,0x44ba6e,0x1b,unknown,,u8,u32
D3DX::emit_message,0x44ba89,0x31,unknown,,u8
D3DX::format_message,0x44baba,0x97,unknown,,u8
D3DX::reset_error_mgr,0x44bb51,0x11,unknown,,u8
D3DX::jpeg_std_error,0x44bb62,0x4c,unknown,,u8,u32
D3DX::png_format_buffer,0x44bbae,0x87,unknown,,u8,u32,u32
D3DX::png_default_error,0x44bc35,0xb,unknown,,u8,u32
D3DX::png_set_error_fn,0x44bc40,0x1a,unknown,,u8,u32,u32,u32,u32
D3DX::png_error,0x44bc5a,0x23,unknown,,u8,u32,u32
D3DX::png_warning,0x44bc7d,0x15,unknown,,u8,u32,u32
D3DX::png_chunk_error,0x44bc92,0x25,unknown,,u8,u32,u32
D3DX::png_chunk_warning,0x44bcb7,0x25,unknown,,u8,u32,u32
D3DX::png_create_read_struct,0x44bcdc,0x103,unknown,,u8,u32,u32,u32,u32
D3DX::png_read_info,0x44bddf,0x174,unknown,,u8,u32,u32
D3DX::png_read_update_info,0x44bf53,0x20,unknown,,u8,u32,u32
D3DX::png_read_row,0x44bf73,0x3a8,unknown,,u8,u32,u32,u32
D3DX::png_read_image,0x44c31b,0x4d,unknown,,u8,u32,u32
D3DX::png_read_destroy,0x44c368,0x123,unknown,,u8,u32,u32,u32
D3DX::png_destroy_read_struct,0x44c48b,0x81,unknown,,u8,u32,u32,u32
D3DX::png_get_valid,0x44c50c,0x1a,unknown,,u8,u32,u32,u32
D3DX::png_get_rowbytes,0x44c526,0x16,unknown,,u8,u32,u32
D3DX::png_get_channels,0x44c53c,0x16,unknown,,u8,u32,u32
D3DX::png_get_gAMA,0x44c552,0x29,unknown,,u8,u32,u32,u32
D3DX::png_get_sRGB,0x44c57b,0x2b,unknown,,u8,u32,u32,u32
D3DX::png_get_IHDR,0x44c5a6,0xd1,unknown,,u8,u32,u32,u32,u32,u32,u32,u32,u32,u32
D3DX::png_get_PLTE,0x44c677,0x33,unknown,,u8,u32,u32,u32,u32
D3DX::_png_get_tRNS,0x44c6aa,0x67,unknown,,u8,u32,u32,u32,u32,u32
D3DX::png_set_bgr,0x44c711,0x9,unknown,,u8,u32
D3DX::png_set_packing,0x44c71a,0x19,unknown,,u8,u32
D3DX::png_set_interlace_handling,0x44c733,0x19,unknown,,u8,u32
D3DX::png_set_filler,0x44c74c,0x4d,unknown,,u8,u32,u8,u32
D3DX::png_do_bgr,0x44c799,0xbf,unknown,,u8,u32,u32
D3DX::png_set_strip_16,0x44c858,0x9,unknown,,u8,u32
D3DX::png_set_gamma,0x44c861,0x36,unknown,,u8,u32,undefined8,undefined8
D3DX::png_set_expand,0x44c897,0x9,unknown,,u8,u32
D3DX::png_read_transform_info,0x44c8a0,0xeb,unknown,,u8,u32,u32
D3DX::png_do_unpack,0x44c98b,0x10f,unknown,,u8,u32,u32
D3DX::png_do_unshift,0x44ca9a,0x17b,unknown,,u8,u32,u32,u32
D3DX::png_do_chop,0x44cc15,0x44,unknown,,u8,u32,u32
D3DX::png_do_read_filler,0x44cc59,0x237,unknown,,u8,u32,u32,u32,u32
D3DX::png_do_gamma,0x44ce90,0x372,unknown,,u8,u32,u32,u32,u32,u8
D3DX::png_do_expand_palette,0x44d202,0x207,unknown,,u8,u32,u32,u32,u32,u32
D3DX::png_do_expand,0x44d409,0x353,unknown,,u8,u32,u32,u32
D3DX::png_do_dither,0x44d75c,0x10d,unknown,,u8,u32,u32,u32,u32
D3DX::png_build_gamma_table,0x44d869,0x2ff,unknown,,u8,u32
D3DX::png_init_read_transformations,0x44db68,0x115,unknown,,u8,u32
_png_do_read_transformations,0x44dc7d,0x19c,unknown,,u8,u32
D3DX::png_set_gAMA,0x44de19,0x1b,unknown,,u8,u32,u32,undefined8
_png_set_IHDR,0x44de34,0xa2,unknown,,u8,u32,u32,u32,u32,u8,u8,u8,u8,u8
D3DX::png_set_PLTE,0x44ded6,0x24,unknown,,u8,u32,u32,u32,u16
D3DX::png_set_sRGB,0x44defa,0x1b,unknown,,u8,u32,u32,u8
D3DX::png_set_sRGB_gAMA_and_cHRM,0x44df15,0x39,unknown,,u8,u32,u32,u32
D3DX::png_set_tRNS,0x44df4e,0x47,unknown,,u8,u32,u32,u32,u32,u32
D3DX::png_read_data,0x44df95,0x28,unknown,,u8,u32,u32,u32
D3DX::png_set_read_fn,0x44dfbd,0x3f,unknown,,u8,u32,u32,u32
D3DX::png_sig_cmp,0x44dffc,0x48,unknown,,u8,u32,u32,u32
D3DX::png_zalloc,0x44e044,0x53,unknown,,u8,u32,u32,u32
D3DX::png_reset_crc,0x44e09c,0x18,unknown,,u8,u32
D3DX::png_calculate_crc,0x44e0b4,0x3f,unknown,,u8,u32,u32,u32
D3DX::png_info_init,0x44e0f3,0xe,unknown,,u8,u32
D3DX::png_info_destroy,0x44e101,0xb,unknown,,u8,u8,u32
D3DX::png_create_info_struct,0x44e10c,0x22,unknown,,u8,u32
XXEncodeBlockRGB,0x44e12e,0x69,unknown,,u8,u32,u32
XXDecodeBlockRGB,0x44e197,0x26,unknown,,u8,u32,u32
ColorToFcolor,0x44e1bd,0x32,unknown,,u8,u32
FcolorToColor,0x44e1ef,0x35,unknown,,u8,u32
ColorToRGB,0x44e224,0x30,unknown,,u8,u32
RGBToColor,0x44e254,0x4d,unknown,,u8,u32
Square3x3,0x44e2a1,0x9f,unknown,,u8
Quantize,0x44e340,0x8b,unknown,,u8,u32,u32,u32
ClipExtrema,0x44e3cb,0x132,unknown,,u8
AllSame,0x44e4fd,0x61,unknown,,u8,u32
EncodeBlockRGBColorKey,0x44e55e,0x497,unknown,,u8,u32,u32,u32,u32
DecodeBlockRGB,0x44e9f5,0xe9,unknown,,u8,u32,u32
DecodeBlockAlpha4,0x44eade,0x4e,unknown,,u8,u32,u32
DecodeBlockAlpha3,0x44eb2c,0x100,unknown,,u8,u32,u32
EncodeBlockRGB,0x44ec2c,0x32,unknown,,u8,u32,u32
EncodeBlockAlpha4,0x44ec5e,0x59,unknown,,u8,u32,u32
EncodeBlockAlpha3,0x44ecb7,0x156,unknown,,u8,u32,u32
D3DX::jdiv_round_up,0x44ee0d,0x10,unknown,,u8,u32,u32
D3DX::jround_up,0x44ee1d,0x18,unknown,,u8,u32,u32
D3DX::jcopy_sample_rows,0x44ee35,0x47,unknown,,u8,u32,u32,u32,u32,u32,u32
D3DX::jcopy_block_row,0x44ee7c,0x22,unknown,,u8,u32,u32,u32
D3DX::jzero_far,0x44ee9e,0x1b,unknown,,u8,u32,u32
D3DX::IsMMX,0x44eeb9,0x31,unknown,,u8
D3DX::initial_setup,0x44eeea,0x1bb,unknown,,u8
D3DX::per_scan_setup,0x44f0a5,0x176,unknown,,u8
D3DX::latch_quant_tables,0x44f21b,0x92,unknown,,u8
D3DX::start_input_pass,0x44f2ad,0x3a,unknown,,u8,u32
D3DX::consume_markers,0x44f2e7,0x93,unknown,,u8
D3DX::reset_input_controller,0x44f37a,0x37,unknown,,u8,u32
D3DX::finish_input_pass,0x44f3b1,0x11,unknown,,u8
D3DX::jinit_input_controller,0x44f3c2,0x41,unknown,,u8,u32
D3DX::out_of_memory,0x44f403,0x15,unknown,,u8
D3DX::alloc_small,0x44f418,0xfc,unknown,,u8,u32,u32,u32
D3DX::alloc_large,0x44f514,0x8e,unknown,,u8,u32,u32,u32
D3DX::alloc_sarray,0x44f5a2,0x92,unknown,,u8,u32,u32,u32,u32
D3DX::alloc_barray,0x44f634,0x9e,unknown,,u8,u32,u32,u32,u32
D3DX::request_virt_sarray,0x44f6d2,0x61,unknown,,u8,u32,u32,u8,u32,u32,u32
D3DX::request_virt_barray,0x44f733,0x61,unknown,,u8,u32,u32,u8,u32,u32,u32
D3DX::realize_virt_arrays,0x44f794,0x17f,unknown,,u8,u32
D3DX::do_sarray_io,0x44f913,0x88,unknown,,u8,u32,u8
D3DX::do_barray_io,0x44f99b,0x8b,unknown,,u8,u32,u8
D3DX::access_virt_sarray,0x44fa26,0x11e,unknown,,u8,u32,u32,u32,u32,u8
D3DX::access_virt_barray,0x44fb44,0x123,unknown,,u8,u32,u32,u32,u32,u8
D3DX::free_pool,0x44fc67,0xe1,unknown,,u8,u32,u32
D3DX::self_destruct,0x44fd48,0x30,unknown,,u8,u32
D3DX::jinit_memory_mgr,0x44fd78,0xb4,unknown,,u8,u32
D3DX::jpeg_abort,0x44fe2c,0x22,unknown,,u8,u32
D3DX::jpeg_destroy,0x44fe4e,0x1b,unknown,,u8,u32
D3DX::jpeg_alloc_quant_table,0x44fe69,0x1c,unknown,,u8,u32
D3DX::jpeg_alloc_huff_table,0x44fe85,0x1c,unknown,,u8,u32
D3DX::use_merged_upsample,0x44fea1,0x71,unknown,,u8
D3DX::jpeg_calc_output_dimensions,0x44ff12,0x1ef,unknown,,u8,u32
D3DX::prepare_range_limit_table,0x450101,0x6f,unknown,,u8
D3DX::master_selection,0x450170,0x1ad,unknown,,u8
D3DX::prepare_for_output_pass,0x45031d,0x12d,unknown,,u8
D3DX::finish_output_pass,0x45044a,0x21,unknown,,u8
D3DX::jinit_master_decompress,0x45046b,0x30,unknown,,u8,u32
D3DX::inflateReset,0x45049b,0x3f,unknown,,u8,u32
D3DX::inflateEnd,0x4504da,0x3e,unknown,,u8,u32
D3DX::inflateInit2_,0x450518,0xe5,unknown,,u8,u32,u32,u32,u32
D3DX::inflateInit_,0x4505fd,0x17,unknown,,u8,u32,u32,u32
D3DX::inflate,0x450614,0x329,unknown,,u8,u32,u32
D3DX::png_create_struct,0x450975,0x42,unknown,,u8,u32
D3DX::png_destroy_struct,0x4509b7,0xd,unknown,,u8,u32
D3DX::png_malloc,0x4509c4,0x36,unknown,,u8,u32,u32
D3DX::png_free,0x4509fa,0x19,unknown,,u8,u32,u32
D3DX::png_memcpy_check,0x450a13,0x23,unknown,,u8,u8,u32,u32,u32
D3DX::png_memset_check,0x450a36,0x33,unknown,,u8,u8,u32,u8,u32
D3DX::png_get_uint_32,0x450a69,0x23,unknown,,u8,u32
D3DX::png_get_uint_16,0x450a8c,0x13,unknown,,u8,u32
D3DX::png_crc_read,0x450a9f,0x24,unknown,,u8,u32,u32,u32
D3DX::png_crc_error,0x450ac3,0x5e,unknown,,u8,u32
D3DX::png_check_chunk_name,0x450b21,0x62,unknown,,u8,u32,u32
D3DX::png_combine_row,0x450b83,0x214,unknown,,u8,u32,u32,u32
D3DX::png_do_read_interlace,0x450d97,0x2c9,unknown,,u8,u32,u32,u32
D3DX::png_read_filter_row,0x451060,0x179,unknown,,u8,u32,u32,u32,u32,u32
D3DX::png_read_start_row,0x4511d9,0x19c,unknown,,u8,u32
D3DX::png_crc_finish,0x451375,0x8c,unknown,,u8,u32,u32
D3DX::png_handle_IHDR,0x451401,0x1f7,unknown,,u8,u32,u32,u32
D3DX::png_handle_PLTE,0x4515f8,0x129,unknown,,u8,u32,u32,u32
D3DX::png_handle_IEND,0x451721,0x4a,unknown,,u8,u32,u32,u32
D3DX::png_handle_gAMA,0x45176b,0x100,unknown,,u8,u32,u32,u32
D3DX::png_handle_sRGB,0x45186b,0xef,unknown,,u8,u32,u32,u32
D3DX::png_handle_tRNS,0x45195a,0x199,unknown,,u8,u32,u32,u32
D3DX::png_handle_unknown,0x451af3,0x4a,unknown,,u8,u32,u32,u32
D3DX::png_read_finish_row,0x451b3d,0x225,unknown,,u8,u32
D3DX::crc32,0x451d62,0x109,unknown,,u8,u32,u32,u32
D3DX::jpeg_get_small,0x451e6b,0xb,unknown,,u8,u8,u32
D3DX::jpeg_free_small,0x451e76,0xb,unknown,,u8,u8,u32
D3DX::jpeg_mem_available,0x451e81,0x5,unknown,,u8,u8,u8,u32
D3DX::jpeg_open_backing_store,0x451e86,0x14,unknown,,u8,u32
D3DX::alloc_funny_pointers,0x451e9a,0xa8,unknown,,u8
D3DX::make_funny_pointers,0x451f42,0x131,unknown,,u8
D3DX::set_wraparound_pointers,0x452073,0xd4,unknown,,u8
D3DX::set_bottom_pointers,0x452147,0x96,unknown,,u8
D3DX::process_data_simple_main,0x4521dd,0x68,unknown,,u8,u32,u32,u32,u32
D3DX::process_data_context_main,0x452245,0x108,unknown,,u8,u32,u32,u32,u32
D3DX::process_data_crank_post,0x45234d,0x23,unknown,,u8
D3DX::start_pass_main,0x452370,0x68,unknown,,u8
D3DX::jinit_d_main_controller,0x4523d8,0xd3,unknown,,u8,u32,u32
D3DX::start_iMCU_row,0x4524ab,0x3f,unknown,,u8
D3DX::start_input_pass,0x4524ea,0x10,unknown,,u8
D3DX::decompress_onepass,0x4524fa,0x1da,unknown,,u8,u32,u32
D3DX::consume_data,0x4526d4,0x19f,unknown,,u8,u32
D3DX::decompress_data,0x452873,0x166,unknown,,u8,u32,u32
D3DX::smoothing_ok,0x4529d9,0xe3,unknown,,u8
D3DX::decompress_smooth_data,0x452abc,0x518,unknown,,u8
D3DX::start_output_pass,0x452fd4,0x3b,unknown,,u8,u32
D3DX::jinit_d_coef_controller,0x45300f,0xf8,unknown,,u8,u32,u32
D3DX::jpeg_make_d_derived_tbl,0x453107,0x1a3,unknown,,u8,u32,u32,u32
D3DX::jpeg_fill_bit_buffer,0x4532aa,0xea,unknown,,u8,u32,u32,u32,u32
D3DX::jpeg_huff_decode,0x453394,0xe6,unknown,,u8,u32,u32,u32,u32,u32
D3DX::process_restart,0x45347a,0x5e,unknown,,u8,u32
D3DX::decode_mcu,0x4534d8,0x3cd,unknown,,u8,u32,u32
D3DX::start_pass_huff_decoder,0x4538a5,0x12f,unknown,,u8,u32
D3DX::jinit_huff_decoder,0x4539d4,0x3a,unknown,,u8,u32
process_restart,0x453a0e,0x5b,unknown,,u8
D3DX::decode_mcu_DC_first,0x453a69,0x1fd,unknown,,u8,u32,u32
D3DX::decode_mcu_AC_first,0x453c66,0x22d,unknown,,u8,u32,u32
D3DX::decode_mcu_DC_refine,0x453e93,0xe2,unknown,,u8,u32,u32
D3DX::decode_mcu_AC_refine,0x453f75,0x36e,unknown,,u8,u32,u32
D3DX::start_pass_phuff_decoder,0x4542e3,0x2a3,unknown,,u8,u32
D3DX::jinit_phuff_decoder,0x454586,0x61,unknown,,u8,u32
D3DX::start_pass,0x4545e7,0x1b7,unknown,,u8,u32
D3DX::jinit_inverse_dct,0x45479e,0x74,unknown,,u8,u32
D3DX::post_process_1pass,0x454812,0x65,unknown,,u8,u32,u32,u32,u32,u32,u32,u32
D3DX::post_process_prepass,0x454877,0x90,unknown,,u8,u32,u32,u32,u32,u8,u32
D3DX::post_process_2pass,0x454907,0x8c,unknown,,u8,u32,u8,u8,u8,u32,u32,u32
D3DX::start_pass_dpost,0x454993,0xa6,unknown,,u8
D3DX::jinit_d_post_controller,0x454a39,0x83,unknown,,u8,u32
D3DX::start_pass_upsample,0x454abc,0x1a,unknown,,u8
D3DX::sep_upsample,0x454ad6,0xc6,unknown,,u8,u32,u32,u32,u8,u32,u32,u32
D3DX::fullsize_upsample,0x454b9c,0xb,unknown,,u8
D3DX::noop_upsample,0x454ba7,0x8,unknown,,u8
D3DX::int_upsample,0x454baf,0xdf,unknown,,u8,u32,u32,u32,u32
D3DX::h2v1_upsample,0x454c8e,0x57,unknown,,u8,u32,u8,u32,u32
D3DX::h2v2_upsample,0x454ce5,0x6a,unknown,,u8,u32,u8,u32,u32
D3DX::h2v1_fancy_upsample,0x454d4f,0xa3,unknown,,u8,u32,u32,u32,u32
D3DX::h2v2_fancy_upsample,0x454df2,0x107,unknown,,u8,u32,u32,u32,u32
D3DX::jinit_upsampler,0x454ef9,0x1c1,unknown,,u8,u32
D3DX::build_ycc_rgb_table,0x4550ba,0xb0,unknown,,u8
D3DX::null_convert,0x45516a,0x6a,unknown,,u8,u32,u32,u32,u32,u32
D3DX::grayscale_convert,0x4551d4,0x23,unknown,,u8,u32,u32,u32,u32,u32
D3DX::ycck_cmyk_convert,0x4551f7,0x132,unknown,,u8,u32,u32,u32,u32,u32
D3DX::MYCbCr2RGB,0x455329,0x13d,unknown,,u8,u32,u32,u32,u32,u32
D3DX::ycc_rgb_convert,0x455466,0x21e,unknown,,u8,u32,u32,u32,u32,u32
D3DX::jinit_color_deconverter,0x455684,0x121,unknown,,u8,u32
D3DX::build_ycc_rgb_table,0x4557a5,0xb0,unknown,,u8
D3DX::start_pass_merged_upsample,0x455855,0x15,unknown,,u8
D3DX::merged_2v_upsample,0x45586a,0xa6,unknown,,u8,u32,u32,u32,u8,u32,u32,u32
D3DX::merged_1v_upsample,0x455910,0x31,unknown,,u8,u32,u32,u32,u8,u32,u32
D3DX::h2v1_merged_upsample,0x455941,0x156,unknown,,u8,u32,u32,u32,u32
D3DX::h2v2_merged_upsample,0x455a97,0x1e6,unknown,,u8,u32,u32,u32,u32
D3DX::jinit_merged_upsampler,0x455c7d,0x75,unknown,,u8,u32
D3DX::prescan_quantize,0x455cf2,0x6c,unknown,,u8,u32,u32,u8,u32
D3DX::find_biggest_color_pop,0x455d5e,0x29,unknown,,u8
D3DX::find_biggest_volume,0x455d87,0x23,unknown,,u8
D3DX::update_box,0x455daa,0x338,unknown,,u8
D3DX::median_cut,0x4560e2,0x11a,unknown,,u8,u32,u32,u32,u32
D3DX::compute_color,0x4561fc,0x138,unknown,,u8,u32
D3DX::select_colors,0x456334,0x8d,unknown,,u8,u32
D3DX::find_nearby_colors,0x4563c1,0x180,unknown,,u8,u32,u32,u32
D3DX::find_best_colors,0x456541,0x11a,unknown,,u8,u32,u32,u32,u32,u32,u32,u32
D3DX::fill_inverse_cmap,0x45665b,0xd0,unknown,,u8,u32,u32,u32
D3DX::pass2_no_dither,0x45672b,0xa9,unknown,,u8,u32,u32,u32,u32
D3DX::pass2_fs_dither,0x4567d4,0x26e,unknown,,u8,u32,u32,u32,u32
D3DX::init_error_limit,0x456a42,0x90,unknown,,u8
FUN_00456ad2,0x456ad2,0x22,unknown,,u8
D3DX::start_pass_2_quant,0x456af4,0x102,unknown,,u8,u32,u8
D3DX::new_color_map_2_quant,0x456bf6,0xf,unknown,,u8
D3DX::jinit_2pass_quantizer,0x456c05,0x113,unknown,,u8,u32
D3DX::select_ncolors,0x456d18,0xcb,unknown,,u8,u32,u32
D3DX::output_value,0x456de3,0x19,unknown,,u8,u8,u8,u32
D3DX::largest_input_value,0x456dfc,0x13,unknown,,u8
D3DX::create_colormap,0x456e0f,0x11d,unknown,,u8
D3DX::create_colorindex,0x456f2c,0x121,unknown,,u8
D3DX::make_odither_array,0x45704d,0x62,unknown,,u8
D3DX::create_odither_tables,0x4570af,0x59,unknown,,u8
D3DX::color_quantize,0x457108,0x88,unknown,,u8,u32,u32,u32,u32
D3DX::color_quantize3,0x457190,0x8d,unknown,,u8,u32,u32,u32,u32
D3DX::quantize_ord_dither,0x45721d,0xeb,unknown,,u8,u32,u32,u32,u32
D3DX::quantize3_ord_dither,0x457308,0xff,unknown,,u8,u32,u32,u32,u32
D3DX::quantize_fs_dither,0x457407,0x184,unknown,,u8,u32,u32,u32,u32
D3DX::alloc_fs_workspace,0x45758b,0x36,unknown,,u8
D3DX::start_pass_1_quant,0x4575c1,0xc8,unknown,,u8,u32
D3DX::new_color_map_1_quant,0x457689,0x14,unknown,,u8
D3DX::jinit_1pass_quantizer,0x45769d,0x89,unknown,,u8,u32
D3DX::inflate_blocks_reset,0x457726,0x6b,unknown,,u8,u32,u32,u32
D3DX::inflate_blocks_new,0x457791,0x8b,unknown,,u8,u32
D3DX::inflate_blocks,0x45781c,0x8f1,unknown,,u8,u32,u32,u32
D3DX::inflate_blocks_free,0x458135,0x34,unknown,,u8,u32,u32
D3DX::adler32,0x458169,0x119,unknown,,u8,u32,u32,u32
D3DX::zcalloc,0x458282,0x10,unknown,,u8,u8,u32,u32
D3DX::jpeg_idct_4x4,0x458292,0x315,unknown,,u8,u32,u32,u32,u32,u32
D3DX::jpeg_idct_2x2,0x4585a7,0x1be,unknown,,u8,u32,u32,u32,u32,u32
D3DX::jpeg_idct_1x1,0x458765,0x3d,unknown,,u8,u32,u32,u32,u32,u32
D3DX::jpeg_idct_islow,0x4587a2,0x4c,unknown,,u8,u32,u32,u32,u32,u32
D3DX::jpeg_idct_ifast,0x4587ee,0x4c,unknown,,u8,u32,u32,u32,u32,u32
D3DX::jpeg_idct_float,0x45883a,0x3e1,unknown,,u8,u32,u32,u32,u32,u32
D3DX::inflate_codes_new,0x458c1b,0x34,unknown,,u8,u8,u8,u32,u32,u32
D3DX::inflate_codes,0x458c4f,0x52e,unknown,,u8,u32,u32,u32
D3DX::inflate_codes_free,0x4591a5,0x11,unknown,,u8,u32,u32
D3DX::huft_build,0x4591b6,0x385,unknown,,u8,u32,u32,u32,u32,u32,u32,u32,u32,u32
D3DX::inflate_trees_bits,0x45953b,0x7f,unknown,,u8,u32,u32,u32,u32,u32
D3DX::inflate_trees_dynamic,0x4595ba,0x103,unknown,,u8,u32,u32,u32,u32,u32,u32,u32,u32,u32
D3DX::inflate_trees_fixed,0x4596bd,0x2f,unknown,,u8,u32,u32,u32,u32
D3DX::inflate_flush,0x4596ec,0x115,unknown,,u8,u32,u32,u32
D3DX::pidct8x8llm,0x459801,0x4ed,unknown,,u8,u32,u32,u32,u32,u32,u32
D3DX::midct8x8llm,0x459cee,0x78b,unknown,,u8,u32,u32,u32,u32,u32,u32
D3DX::pidct8x8aan,0x45a479,0x3a9,unknown,,u8,u32,u32,u32,u32,u32,u32
D3DX::midct8x8aan,0x45a822,0xdd3,unknown,,u8,u32,u32,u32,u32,u32,u32
D3DX::inflate_fast,0x45b5f5,0x2aa,unknown,,u8,u32,u32,u32,u32,u32,u32
__onexit_lk,0x45b89f,0x80,unknown,,u8
FUN_0045b91f,0x45b91f,0x28,unknown,,u8
__onexit,0x45b947,0x32,__cdecl,,_onexit_t*,_onexit_t*
FUN_0045b979,0x45b979,0x6,unknown,,u8
_atexit,0x45b97f,0x12,__cdecl,,i32,_func_4879*
FUN_0045b991,0x45b991,0x38,unknown,,u8
FUN_0045b9c9,0x45b9c9,0x17,unknown,,u8
vsprintf,0x45b9e0,0x57,__stdcall,,i32,char*,char*,char*
_report_failure,0x45ba37,0x29,unknown,,u8
__security_check_cookie,0x45ba68,0xe,__fastcall,,void,unsigned long
__ftol2,0x45ba78,0x75,default,,long,f32
_free,0x45baed,0x68,__cdecl,,void,void*
FUN_0045bb40,0x45bb40,0x9,unknown,,u8
__heap_alloc,0x45bb5e,0x6f,__cdecl,,void*,u32
FUN_0045bbd0,0x45bbd0,0x9,unknown,,u8
__nh_malloc,0x45bbd9,0x2c,__cdecl,,void*,u32,i32
_malloc,0x45bc05,0x12,__cdecl,,void*,u32
FUN_0045bc20,0x45bc20,0x14,unknown,,u8
sqrt,0x45bc34,0x9,__stdcall,,f32,double*
FUN_0045bc3d,0x45bc3d,0x9d,unknown,,u8,u32,u32
FID_conflict:__CIsin_default,0x45bce0,0x14,unknown,,u8
sin,0x45bcf4,0x9,__stdcall,,double,double
start,0x45bcfd,0x91,unknown,,u8,u32
FID_conflict:__CIcos_default,0x45bd90,0x14,unknown,,u8
cos,0x45bda4,0x9,__stdcall,,double,double
start,0x45bdad,0x91,unknown,,u8,u32
atan2,0x45be40,0xa,default,,double,double,double
FUN_0045be4a,0x45be4a,0x1,unknown,,u8
FUN_0045be60,0x45be60,0xa,unknown,,u8
FUN_0045be6a,0x45be6a,0x1,unknown,,u8
FUN_0045be74,0x45be74,0x1e,unknown,,u8
_atol,0x45be92,0x88,__cdecl,,long,char*
operator_delete,0x45bf1f,0x5,unknown,,u8
operator_new,0x45bf24,0xe,__cdecl,,void*,u32
_JumpToContinuation,0x45bf32,0x2b,__stdcall,,void,void*,EHRegistrationNode*
FID_conflict:_CallMemberFunction1,0x45bf62,0x7,unknown,,u8,u8,u32
_UnwindNestedFrames,0x45bf69,0x52,__stdcall,,void,EHRegistrationNode*,EHExceptionRecord*
___CxxFrameHandler,0x45bfbb,0x36,__stdcall,,u32,u32,u32,u32,u32
FUN_0045bff1,0x45bff1,0x24,unknown,,u8
FUN_0045c015,0x45c015,0x6e,unknown,,u8,u32,u32,u32
_GetRangeOfTrysToCheck,0x45c086,0x7a,__cdecl,,_s_TryBlockMapEntry*,_s_FuncInfo*,i32,i32,u32*,u32*
FUN_0045c100,0x45c100,0x28,unknown,,u8,u32,u32
FUN_0045c128,0x45c128,0x21,unknown,,u8,u32
_FindAndUnlinkFrame,0x45c149,0x4c,__cdecl,,void,FrameInfo*
FUN_0045c195,0x45c195,0x51,unknown,,u8,u32,u32,u32,u32,u32
FUN_0045c1e6,0x45c1e6,0xaf,unknown,,u8,u32,u32,u32,u8,u32,u32,u32
__global_unwind2,0x45c298,0x20,unknown,,u8,u32
FUN_0045c2b8,0x45c2b8,0x22,unknown,,u8
__local_unwind2,0x45c2da,0x68,unknown,,u8,u32,u32
__abnormal_termination,0x45c342,0x23,__cdecl,,i32
__NLG_Notify1,0x45c365,0x17,unknown,,u8
__NLG_Notify,0x45c36e,0xa,__stdcall,,void,unsigned long
sprintf,0x45c386,0x58,__stdcall,varargs,i32,char*,char*
FUN_0045c3e0,0x45c3e0,0x1f,__stdcall,,void
_fabs,0x45c3ff,0xb1,__cdecl,,double,double
FID_conflict:__CItan_default,0x45c4b0,0x14,unknown,,u8
tan,0x45c4c4,0x9,__stdcall,,double,double
start,0x45c4cd,0x95,unknown,,u8,u32
__fclose_lk,0x45c562,0x4c,unknown,,u8,u32
fclose,0x45c5ae,0x46,__cdecl,,i32,_iobuf*
FUN_0045c5f7,0x45c5f7,0x8,unknown,,u8
__fread_lk,0x45c5ff,0xe9,unknown,,u8,u32,u32,u32,u32
fread,0x45c6e8,0x42,__cdecl,,u32,void*,u32,u32,_iobuf*
FUN_0045c72a,0x45c72a,0xa,unknown,,u8
__ftell_lk,0x45c734,0x162,unknown,,u8,u32
ftell,0x45c896,0x37,__cdecl,,long,_iobuf*
FUN_0045c8cd,0x45c8cd,0xa,unknown,,u8
__fseek_lk,0x45c8d7,0x8f,unknown,,u8,u32,u32,u32
_fseek,0x45c966,0x3f,__cdecl,,i32,_iobuf*,long,i32
FUN_0045c9a5,0x45c9a5,0xa,unknown,,u8
__fsopen,0x45c9af,0x52,__cdecl,,_iobuf*,char*,char*,i32
FUN_0045ca01,0x45ca01,0xa,unknown,,u8
fopen,0x45ca0b,0x13,__cdecl,,_iobuf*,char*,char*
_strrchr,0x45ca20,0x2d,__cdecl,,char*,char*,i32
__fwrite_lk,0x45ca4d,0x107,unknown,,u8,u32,u32,u32,u32
fwrite,0x45cb54,0x42,__cdecl,,u32,void*,u32,u32,_iobuf*
FUN_0045cb96,0x45cb96,0xa,unknown,,u8
_strlen,0x45cba0,0x8b,__cdecl,,u32,char*
_memset,0x45cc30,0x60,__cdecl,,void*,void*,i32,u32
_memcpy,0x45cc90,0x2a0,__cdecl,,void*,void*,void*,u32
_memmove,0x45cfd0,0x2a0,__cdecl,,void*,void*,void*,u32
_fprintf,0x45d30d,0x54,__cdecl,varargs,i32,_iobuf*,char*
FUN_0045d361,0x45d361,0xa,unknown,,u8
__aulldiv,0x45d370,0x68,unknown,,u8,u32,u32,u32,u32
__allmul,0x45d3e0,0x34,unknown,,u8,u32,u32,u32,u32
setDate,0x45d414,0x70,__stdcall,,void,char*
_strcpy,0x45d490,0x8a,__cdecl,,char*,char*,char*
_strcat,0x45d4a0,0x65,__cdecl,,char*,char*,char*
th06::FileSystem::CreateDirectoryInCWD,0x45d588,0x2c,unknown,,ZunResult,char*
_strncmp,0x45d5c0,0x39,__cdecl,,i32,char*,char*,u32
th06::FileSystem::ChangeCWD,0x45d5f9,0x9c,__stdcall,,void,char*
_rand,0x45d695,0x22,__cdecl,,i32
FUN_0045d6b7,0x45d6b7,0x9,unknown,,u8
__chkstk,0x45d6c0,0x3d,unknown,,u8,u8
__amsg_exit,0x45d6fd,0x22,__cdecl,,void,i32
_fast_error_exit,0x45d722,0x24,unknown,,u8,u32
entry,0x45d746,0x1a7,unknown,,u8
FID_conflict:__CIacos,0x45d920,0x14,unknown,,u8
acos,0x45d934,0x1,__stdcall,,double,double
start,0x45d93d,0xae,unknown,,u8,u32,u32
FUN_0045d9eb,0x45d9eb,0x9a,unknown,,u8,undefined1[10]
_isdigit,0x45da85,0x3a,__cdecl,,i32,i32
_isspace,0x45dabf,0x3a,__cdecl,,i32,i32
FUN_0045db00,0x45db00,0x121,unknown,,u8,undefined1[10]
__ftol,0x45dc24,0x27,unknown,,u8
_longjmp,0x45dc4c,0x78,__cdecl,,void,i32*,i32
__setjmp3,0x45dcc8,0x7b,unknown,,u8,u32,u32,u32,u32,u8
FUN_0045dd50,0x45dd50,0x1,unknown,,u8
FUN_0045dd90,0x45dd90,0x54,unknown,,u8
FUN_0045dded,0x45dded,0x4e,unknown,,u8,u8,u8,u32
FUN_0045dfb2,0x45dfb2,0x1,unknown,,u8
___crtExitProcess,0x45dfda,0x2f,__cdecl,,void,i32
FUN_0045e00a,0x45e00a,0x9,unknown,,u8
FUN_0045e013,0x45e013,0x9,unknown,,u8
FUN_0045e01c,0x45e01c,0x65,unknown,,u8
doexit,0x45e081,0xd3,__cdecl,,void,i32,i32,i32
exit,0x45e154,0x11,__stdcall,,void,i32
__exit,0x45e165,0x11,__cdecl,,void,i32
_cexit,0x45e176,0xf,__cdecl,,void
FUN_0045e185,0x45e185,0x1,unknown,,u8
_calloc,0x45e194,0xaf,__cdecl,,void*,u32,u32
FUN_0045e23e,0x45e23e,0x9,unknown,,u8
_realloc,0x45e24f,0x19c,__cdecl,,void*,void*,u32
FUN_0045e3b7,0x45e3b7,0x9,unknown,,u8
__msize,0x45e3fc,0x6a,__cdecl,,u32,void*
FUN_0045e469,0x45e469,0x9,unknown,,u8
__SEH_prolog,0x45e474,0x3b,unknown,,u8,u32,u32
__SEH_epilog,0x45e4af,0x11,unknown,,u8
__forcdecpt,0x45e4c0,0x3c,__cdecl,,void,char*
FUN_0045e4fc,0x45e4fc,0x4b,unknown,,u8
FUN_0045e547,0x45e547,0x1a,unknown,,u8
__fassign,0x45e561,0x3e,__cdecl,,void,i32,char*,char*
__shift,0x45e59f,0x1d,unknown,,u8
__cftoe2,0x45e5bc,0xae,unknown,,u8,u32,u32,u8
FUN_0045e66a,0x45e66a,0x74,unknown,,u8,u32,u32,u32,u32
FUN_0045e6de,0x45e6de,0x9c,unknown,,u8,u32,u32,u8
FUN_0045e77a,0x45e77a,0x68,unknown,,u8,u32,u32,u32
FUN_0045e7e2,0x45e7e2,0xa0,unknown,,u8,u32,u32,u32,u32
__cfltcvt,0x45e882,0x51,__cdecl,,i32,double*,char*,u32,i32,i32,i32
FUN_0045e8d3,0x45e8d3,0x12,unknown,,u8
__ms_p5_test_fdiv,0x45e8e5,0x40,unknown,,u8
__ms_p5_mp_test_fdiv,0x45e925,0x29,__stdcall,,void
__flsbuf,0x45e94e,0x119,__cdecl,,i32,i32,_iobuf*
_write_char,0x45ea67,0x33,unknown,,u8
_write_multi_char,0x45ea9a,0x24,unknown,,u8,u8,u32,u32
_write_string,0x45eabe,0x37,unknown,,u8,u32
_output,0x45eaf5,0x775,__cdecl,,i32,_iobuf*,char*,char*
__security_init_cookie,0x45f28a,0x56,__cdecl,,void
__security_error_handler,0x45f2e0,0x140,unknown,,u8,u32,u32
___heap_select,0x45f42a,0x1a,unknown,,u8
__heap_init,0x45f444,0x51,__cdecl,,i32
__mtinitlocks,0x45f495,0x49,__cdecl,,i32
__mtdeletelocks,0x45f4de,0x55,__cdecl,,void
_munlock,0x45f533,0x15,unknown,,u8,u32
FUN_0045f548,0x45f548,0x7f,unknown,,u8,u32
__lock,0x45f5c7,0x31,__cdecl,,void,i32
___sbh_heap_init,0x45f5f8,0x48,unknown,,u8
___sbh_find_block,0x45f640,0x2b,unknown,,u8,u32
___sbh_free_block,0x45f66b,0x318,unknown,,u8,u32,u32
___sbh_alloc_new_region,0x45f983,0xb7,unknown,,u8
___sbh_alloc_new_group,0x45fa3a,0x106,unknown,,u8,u32
___sbh_resize_block,0x45fb40,0x2df,unknown,,u8,u32,u32,u32
___sbh_alloc_block,0x45fe1f,0x2fc,unknown,,u8,u32
__callnewh,0x46011b,0x1b,__cdecl,,i32,u32
__trandisp1,0x460140,0x67,unknown,,u8
__trandisp2,0x4601a7,0x8c,unknown,,u8
FUN_0046023c,0x46023c,0x1,unknown,,u8
FUN_00460244,0x460244,0x7,unknown,,u8
FUN_0046027d,0x46027d,0x2a,unknown,,u8
FUN_004602a7,0x4602a7,0x3f,unknown,,u8
FUN_004602e6,0x4602e6,0x13,unknown,,u8
FUN_004602f9,0x4602f9,0xa,unknown,,u8
FUN_00460303,0x460303,0x6,unknown,,u8
FUN_00460309,0x460309,0x1,unknown,,u8
FUN_00460310,0x460310,0x17,unknown,,u8,u8,u8,u8,u8,u32,u32
__startOneArgErrorHandling,0x460327,0x3c,unknown,,u8,u16,u8,u32,u32
FUN_00460370,0x460370,0x1,unknown,,u8
__load_CW,0x460385,0x17,unknown,,u8,u32
__convertTOStoQNaN,0x46039c,0x19,unknown,,u8
__fload_withFB,0x4603b5,0x43,unknown,,double,double*
FUN_004603f8,0x4603f8,0x16,unknown,,u8,u8,u32
__math_exit,0x46041b,0x2a,unknown,,u8
FUN_00460445,0x460445,0x1,unknown,,u8
FUN_00460459,0x460459,0x1,unknown,,u8
FUN_00460500,0x460500,0x1,unknown,,u8
FUN_0046053b,0x46053b,0x1,unknown,,u8
FUN_0046053c,0x46053c,0x1,unknown,,u8
FUN_0046056c,0x46056c,0x9,unknown,,u8
FUN_00460575,0x460575,0x10,unknown,,u8
FUN_00460585,0x460585,0x1,unknown,,u8
FUN_00460586,0x460586,0xb,unknown,,u8
FUN_00460591,0x460591,0x1,unknown,,u8
FUN_00460598,0x460598,0x10,unknown,,u8
__cintrindisp2,0x4605b0,0x3e,unknown,,u8
__cintrindisp1,0x4605ee,0x3d,unknown,,u8
__ctrandisp2,0x46062b,0x48,__stdcall,,void,u32,u32,u32,u32
FUN_00460673,0x460673,0x7,unknown,,u8
cintrinexit,0x46067a,0x147,unknown,,u8
__ctrandisp1,0x4607c1,0x33,unknown,,u8,u32,u32
__fload,0x4607f4,0x3c,unknown,,u8,undefined8
FUN_00460830,0x460830,0x1,unknown,,u8
FUN_00460947,0x460947,0x1,unknown,,u8
FUN_00460de6,0x460de6,0x1,unknown,,u8
FUN_00460df9,0x460df9,0x1,unknown,,u8
FUN_00460e0c,0x460e0c,0x1,unknown,,u8
FUN_00460e58,0x460e58,0x1,unknown,,u8
FUN_00460ea4,0x460ea4,0x1,unknown,,u8
FUN_00460ed8,0x460ed8,0x1,unknown,,u8
FUN_00460f0c,0x460f0c,0x1,unknown,,u8
FUN_00460f58,0x460f58,0x1,unknown,,u8
FUN_00460fa4,0x460fa4,0x1,unknown,,u8
FUN_00460fd8,0x460fd8,0x1,unknown,,u8
FUN_0046100c,0x46100c,0x1,unknown,,u8
FUN_00461021,0x461021,0x1,unknown,,u8
FUN_00461036,0x461036,0x206,unknown,,u8,undefined1[12],undefined1[10],undefined1[12],u32,u32,u32
FUN_0046123c,0x46123c,0xb2,unknown,,u8
FUN_004612ee,0x4612ee,0x1,unknown,,u8
FUN_004614f4,0x4614f4,0x1,unknown,,u8
FUN_004615a9,0x4615a9,0x1,unknown,,u8
FUN_004615af,0x4615af,0x1,unknown,,u8
FUN_004615b5,0x4615b5,0x1,unknown,,u8
FUN_004615b8,0x4615b8,0x1,unknown,,u8
FUN_004615bb,0x4615bb,0x77,unknown,,u8,u32,u32,u32
FUN_00461632,0x461632,0xca,unknown,,u8,u32
FUN_004616fc,0x4616fc,0xc2,unknown,,u8
___updatetlocinfo,0x4617be,0x32,__cdecl,,threadlocaleinfostruct*
FUN_004617f0,0x4617f0,0x9,unknown,,u8
FUN_004617f9,0x4617f9,0x1e,unknown,,u8
__getptd,0x461817,0x71,__cdecl,,_tiddata*
FUN_00461888,0x461888,0x6f,unknown,,u8
TypeMatch,0x4618f7,0x4f,__cdecl,,i32,_s_HandlerType*,_s_CatchableType*,_s_ThrowInfo*
FUN_00461946,0x461946,0x1,unknown,,u8
___FrameUnwindToState,0x461964,0x94,unknown,,u8,u32,u8,u32,u32
FUN_00461a17,0x461a17,0x1b,unknown,,u8
___DestructExceptionObject,0x461a32,0x34,unknown,,u8,u32
FUN_00461a77,0x461a77,0x1d,unknown,,u8
FUN_00461a94,0x461a94,0x97,unknown,,u8,u32,u32,u32,u32,u32,u32
FUN_00461bd7,0x461bd7,0x64,unknown,,u8
BuildCatchObject,0x461c3b,0x170,__cdecl,,void,EHExceptionRecord*,void*,_s_HandlerType*,_s_CatchableType*
CatchIt,0x461db7,0x67,__cdecl,,void,EHExceptionRecord*,EHRegistrationNode*,_CONTEXT*,void*,_s_FuncInfo*,_s_HandlerType*,_s_CatchableType*,_s_TryBlockMapEntry*,i32,EHRegistrationNode*,uchar
FUN_00461e1e,0x461e1e,0xc0,unknown,,u8,u32,u32,u32,u32,u32,u32,u32,u32
FUN_00461ede,0x461ede,0x1e2,unknown,,u8,u32,u32,u32,u32,u32,u8,u32,u32
___InternalCxxFrameHandler,0x4620c0,0xa2,unknown,,u8,u32,u32,u32,u32,u32,u32,u32,u32
terminate,0x462162,0x2e,__cdecl,,void
_inconsistency,0x462197,0x26,__cdecl,,void
__CallSettingFrame@12,0x4621d0,0x4c,unknown,,u8,u32,u32,u32
__raise_exc,0x46221c,0x2a5,unknown,,u8,u32,u32,u32,u32,u32,u32
FUN_004624c1,0x4624c1,0x222,unknown,,u8,u32,u32,u32
FID_conflict:__set_errno_from_matherr,0x4626e3,0x28,__cdecl,,i32,i32
__errcode,0x46270b,0x2d,unknown,,u8,u8
__umatherr,0x462738,0x9e,unknown,,u8,u32,u32,u32,u32,u32,u32,undefined8,u32
__handle_qnan1,0x4627d6,0x53,unknown,,u8,u32,undefined8,u32
FUN_00462829,0x462829,0xbe,unknown,,u8,u32,u32,undefined8,undefined8,u32
__set_exp,0x4628e7,0x2a,unknown,,u8,undefined1[10],u8,u8,u8,u8,u8,u8,u8,u8,u8,u32
__sptype,0x462911,0x5b,unknown,,u8,u32,u32
FUN_0046296c,0x46296c,0xba,unknown,,u8,undefined1[10],u8,u8,u8,u8,u8,u8,u8,u8,u8,u32
FUN_00462a26,0x462a26,0xd,unknown,,u8
FUN_00462a33,0x462a33,0xe,unknown,,u8
__ctrlfp,0x462a41,0x24,unknown,,u8,u32,u32
FUN_00462a65,0x462a65,0x59,unknown,,u8,u32
FUN_00462abe,0x462abe,0x83,unknown,,u8,u32
__close,0x462b41,0x90,__cdecl,,i32,i32
FUN_00462bb8,0x462bb8,0x8,unknown,,u8
__freebuf,0x462bdc,0x2b,__cdecl,,void,_iobuf*
__flush,0x462c07,0x5d,__cdecl,,i32,_iobuf*
__fflush_lk,0x462c64,0x2e,unknown,,u8,u32
FUN_00462c92,0x462c92,0x1,unknown,,u8
FUN_00462d67,0x462d67,0x1,unknown,,u8
FUN_00462d70,0x462d70,0xa9,unknown,,u8
FUN_00462e19,0x462e19,0x1,unknown,,u8
__lock_file,0x462e2d,0x2f,__cdecl,,void,_iobuf*
FID_conflict:__lock_file2,0x462e5c,0x23,__cdecl,,void,i32,void*
__unlock_file,0x462e7f,0x2f,__cdecl,,void,_iobuf*
FID_conflict:__lock_file2,0x462eae,0x23,__cdecl,,void,i32,void*
__filbuf,0x462ed1,0xe1,__cdecl,,i32,_iobuf*
FUN_00462fb2,0x462fb2,0x1cd,unknown,,u8,u32,u32,u32
__read,0x46317f,0xa0,__cdecl,,i32,i32,void*,u32
FUN_00463206,0x463206,0x8,unknown,,u8
FUN_0046322a,0x46322a,0x9,unknown,,u8
FUN_00463233,0x463233,0x9,unknown,,u8
__dosmaperr,0x46323c,0x73,__cdecl,,void,unsigned long
FUN_004632af,0x4632af,0x1fe,unknown,,u8
__lseek_lk,0x4634ad,0x74,unknown,,u8,u32,u32,u32
__lseek,0x463521,0xa0,__cdecl,,long,i32,long,i32
FUN_004635a8,0x4635a8,0x8,unknown,,u8
__openfile,0x4635cc,0x168,__cdecl,,_iobuf*,char*,char*,i32,_iobuf*
__getstream,0x463734,0x116,__cdecl,,_iobuf*
FUN_0046384d,0x46384d,0x9,unknown,,u8
FUN_00463856,0x463856,0x1a5,unknown,,u8,u32,u32,u32
__write,0x4639fb,0xa0,__cdecl,,i32,i32,void*,u32
FUN_00463a82,0x463a82,0x8,unknown,,u8
FUN_00463aa6,0x463aa6,0x46,unknown,,u8,u32
FUN_00463aec,0x463aec,0x13,unknown,,u8
FUN_00463aff,0x463aff,0x1,unknown,,u8
__stbuf,0x463b0c,0x88,__cdecl,,i32,_iobuf*
__ftbuf,0x463b94,0x2a,__cdecl,,void,i32,_iobuf*
__mbctoupper,0x463bbe,0x85,__cdecl,,u32,u32
FUN_00463c43,0x463c43,0x177,unknown,,u8,u32
__FF_MSGBANNER,0x463dba,0x39,__cdecl,,void
__XcptFilter,0x463df3,0x164,__cdecl,,i32,unsigned long,_EXCEPTION_POINTERS*
FUN_00463f57,0x463f57,0x69,unknown,,u8
__setenvp,0x463fc0,0xc7,__cdecl,,i32
FUN_00464087,0x464087,0x16c,unknown,,u8,u32,u32
FUN_004641f3,0x4641f3,0xa2,unknown,,u8
___crtGetEnvironmentStringsA,0x464295,0x122,__cdecl,,void*
FUN_004643b7,0x4643b7,0x3d,unknown,,u8
FUN_004643fb,0x4643fb,0x3d,unknown,,u8
FUN_0046443f,0x46443f,0x294,unknown,,u8,u32,u32,u32,u32
_has_osfxsr_set,0x4646d3,0x2e,unknown,,u8
FUN_00464708,0x464708,0x57,unknown,,u8
FUN_0046475f,0x46475f,0xd1,unknown,,u8
__rt_probe_read4@4,0x464830,0x29,unknown,,u8,u32
__CIpow_pentium4,0x464880,0x19,unknown,,u8
__pow_pentium4,0x464899,0xb2d,unknown,,u8,undefined8,undefined8
FUN_004653d0,0x4653d0,0x1,unknown,,u8
FUN_00465448,0x465448,0x1,unknown,,u8
FUN_0046545a,0x46545a,0x1,unknown,,u8
FUN_00465474,0x465474,0x1,unknown,,u8
FUN_00465484,0x465484,0x1,unknown,,u8
FUN_00465489,0x465489,0x1,unknown,,u8
FUN_00465498,0x465498,0x1,unknown,,u8
FUN_0046549d,0x46549d,0x1,unknown,,u8
FUN_004654b7,0x4654b7,0x1,unknown,,u8
FUN_004654b8,0x4654b8,0x1,unknown,,u8
FUN_004654d2,0x4654d2,0x1,unknown,,u8
FUN_004654d9,0x4654d9,0x1,unknown,,u8
FUN_00465502,0x465502,0x1,unknown,,u8
FUN_0046550f,0x46550f,0x1,unknown,,u8
FUN_00465521,0x465521,0x1,unknown,,u8
FUN_0046552e,0x46552e,0x1,unknown,,u8
FUN_00465571,0x465571,0x1,unknown,,u8
FUN_00465596,0x465596,0x1,unknown,,u8
FUN_004655a5,0x4655a5,0x1,unknown,,u8
FUN_004655d6,0x4655d6,0x1,unknown,,u8
FUN_004655d7,0x4655d7,0x6a,unknown,,u8,undefined8
__powhlp,0x465641,0x162,unknown,,u8,undefined8,undefined8,u32
FUN_004657ac,0x4657ac,0xbd,unknown,,u8
FUN_00465869,0x465869,0x1b,unknown,,u8,u32
FUN_00465884,0x465884,0xc8,unknown,,u8,u32,u32
_tolower,0x46594c,0x22,__cdecl,,i32,i32
__ZeroTail,0x46596e,0x32,unknown,,u8,u32,u32
__IncMan,0x4659a0,0x4d,unknown,,u8,u32,u32
__RoundMan,0x4659ed,0x72,unknown,,u8,u32,u32
__CopyMan,0x465a5f,0x1b,unknown,,u8,u32,u32
__IsZeroMan,0x465a7a,0x19,unknown,,u8,u32
__ShrMan,0x465a93,0x7b,unknown,,u8,u32,u32
__ld12cvt,0x465b0e,0x158,unknown,,u8,u32,u32,u32
FID_conflict:__ld12tod,0x465c66,0x16,__cdecl,,enum_3272,_LDBL12*,_CRT_DOUBLE*
FID_conflict:__ld12tod,0x465c7c,0x16,__cdecl,,enum_3272,_LDBL12*,_CRT_DOUBLE*
FUN_00465c92,0x465c92,0x43,unknown,,u8,u32,u32
FUN_00465cd5,0x465cd5,0x43,unknown,,u8,u32,u32
FUN_00465d18,0x465d18,0x77,unknown,,u8,u32,u32,u32
___dtold,0x465d8f,0xba,unknown,,u8,u32,u32
FUN_00465e49,0x465e49,0x72,unknown,,u8,u8,u8,u32,u32
FUN_00465ebb,0x465ebb,0x9,unknown,,u8
__abstract_cw,0x465ec4,0x92,unknown,,u8
__hw_cw,0x465f56,0x8e,unknown,,u8
__control87,0x465fe4,0x32,__cdecl,,u32,u32,u32
__controlfp,0x466016,0x16,__cdecl,,u32,u32,u32
__getbuf,0x46602c,0x44,__cdecl,,void,_iobuf*
__isatty,0x466070,0x2a,__cdecl,,i32,i32
___wctomb_mt,0x46609a,0x60,unknown,,u8,u32,u32,u16
_wctomb,0x4660fa,0x27,__cdecl,,i32,char*,wchar_t
__aulldvrm,0x466130,0x95,unknown,,u8,u32,u32,u32,u32
___crtMessageBoxA,0x4661c5,0xf9,__cdecl,,i32,char*,char*,u32
_strncpy,0x4662c0,0x124,__cdecl,,char*,char*,char*,u32
___crtInitCritSecNoSpinCount@8,0x4663e4,0x10,unknown,,u8,u32
___crtInitCritSecAndSpinCount,0x4663f4,0x67,unknown,,u8,u32,u32
FUN_0046647f,0x46647f,0xfe,unknown,,u8,u32,u32,u32
___crtGetStringTypeA,0x46657d,0x1a5,__cdecl,,i32,localeinfo_struct*,unsigned long,char*,i32,u16*,i32,i32
___free_lc_time,0x466737,0x190,unknown,,u8,u32
___free_lconv_num,0x4668c7,0x5f,unknown,,u8,u32
___free_lconv_mon,0x466926,0xd9,unknown,,u8,u32
_strcspn,0x466a00,0x46,__cdecl,,u32,char*,char*
_strcmp,0x466a50,0x87,__cdecl,,i32,char*,char*
FUN_00466ae0,0x466ae0,0x1,unknown,,u8
_strpbrk,0x466ba0,0x40,__cdecl,,char*,char*,char*
FUN_00466be0,0x466be0,0x2f,unknown,,u8
_setSBCS,0x466c0f,0x29,unknown,,u8
FUN_00466c38,0x466c38,0x192,__stdcall,,void
___updatetmbcinfo,0x466dca,0x63,__cdecl,,threadmbcinfostruct*
FUN_00466e30,0x466e30,0x9,unknown,,u8
FUN_00466e39,0x466e39,0x196,unknown,,u8,u32
__setmbcp,0x466fcf,0x147,__cdecl,,i32,i32
FUN_00467116,0x467116,0x9,unknown,,u8
___initmbctable,0x46711f,0x1e,unknown,,u8
FID_conflict:_ValidateRead,0x46713d,0x1c,unknown,,u8,u32,u32
FID_conflict:_ValidateRead,0x467159,0x1c,unknown,,u8,u32,u32
_ValidateExecute,0x467175,0x18,__cdecl,,i32,_func_int*
_abort,0x46718d,0x17,__cdecl,,void
FUN_004671a5,0x4671a5,0x3,unknown,,u8
__set_osfhnd,0x4671a8,0x7c,__cdecl,,i32,i32,i32
__free_osfhnd,0x467224,0x7f,__cdecl,,i32,i32
__get_osfhandle,0x4672a3,0x41,__cdecl,,i32,i32
FUN_004672e4,0x4672e4,0x73,unknown,,u8,u32
__unlock_fhandle,0x467357,0x22,__cdecl,,void,i32
FUN_00467379,0x467379,0x14d,unknown,,u8
__commit,0x4674c6,0xb1,__cdecl,,i32,i32
FUN_00467566,0x467566,0x8,unknown,,u8
FUN_00467582,0x467582,0x1,unknown,,u8
FUN_0046761d,0x46761d,0x2e7,unknown,,u8,u32,u32,u32,u32,u32
__sopen,0x467904,0x45,__cdecl,varargs,i32,char*,i32,i32
FUN_00467949,0x467949,0x10,unknown,,u8
__lseeki64_lk,0x467959,0x83,unknown,,u8,u32,u32,u32,u32
___crtLCMapStringA,0x4679dc,0x376,__cdecl,,i32,localeinfo_struct*,wchar_t*,unsigned long,char*,i32,char*,i32,i32,i32
FUN_00467d98,0x467d98,0x31,unknown,,u8,u8,u32,u8
FUN_00467dc9,0x467dc9,0x11,unknown,,u8,u32
FUN_00467dda,0x467dda,0xd1,unknown,,u8
FUN_00467eab,0x467eab,0x13,unknown,,u8,undefined8
___addl,0x467ebe,0x21,unknown,,u8,u32,u32,u32
___add_12,0x467edf,0x5e,unknown,,u8,u32,u32
___shl_12,0x467f3d,0x2e,unknown,,u8,u32
___shr_12,0x467f6b,0x2d,unknown,,u8,u32
FUN_00467f98,0x467f98,0xe4,unknown,,u8,u32,u32,u32
FUN_0046807c,0x46807c,0x40a,unknown,,u8,u32,u32,u32,u32,u32,u32,u32
FUN_004684b6,0x4684b6,0x294,unknown,,u8,u32,u32,u32,u32,u8,u32
_siglookup,0x46874a,0x2e,unknown,,u8
_raise,0x468778,0x164,__cdecl,,i32,i32
FUN_004688b3,0x4688b3,0xd,unknown,,u8
FUN_004688f1,0x4688f1,0x49,unknown,,u8,u32
FUN_0046893a,0x46893a,0x1b8,unknown,,u8,u32,u32,u32,u32,u32,u32
___ascii_stricmp,0x468b10,0x4e,__cdecl,,i32,char*,char*
FUN_00468b5e,0x468b5e,0x13b,unknown,,u8,u32,u32
FUN_00468c99,0x468c99,0x238,unknown,,u8,u32,u32
FUN_00468ed1,0x468ed1,0x8c,unknown,,u8,u32,u32,u32
___ascii_strnicmp,0x468f60,0x61,__cdecl,,i32,char*,char*,u32
FUN_00468fc1,0x468fc1,0x62,unknown,,u8,u32,u32
FUN_00469030,0x469030,0x1,unknown,,u8
FUN_00469040,0x469040,0x1,unknown,,u8
FUN_00469046,0x469046,0x1,unknown,,u8
Unwind@00469110,0x469110,0xb,unknown,,u8
Unwind@00469125,0x469125,0xa,unknown,,u8
Unwind@00469140,0x469140,0x8,unknown,,u8
Unwind@00469160,0x469160,0x8,unknown,,u8
Unwind@00469168,0x469168,0xb,unknown,,u8
Unwind@00469173,0x469173,0xb,unknown,,u8
Unwind@00469190,0x469190,0xb,unknown,,u8
Unwind@004691a5,0x4691a5,0x8,unknown,,u8
Unwind@004691c0,0x4691c0,0x8,unknown,,u8
Unwind@004691e0,0x4691e0,0x8,unknown,,u8
Unwind@004691e8,0x4691e8,0xe,unknown,,u8
Unwind@00469200,0x469200,0xa,unknown,,u8
Unwind@00469214,0x469214,0xd,unknown,,u8
Unwind@0046922b,0x46922b,0xd,unknown,,u8
Unwind@00469242,0x469242,0xa,unknown,,u8
Unwind@00469260,0x469260,0xb,unknown,,u8
Unwind@00469280,0x469280,0xb,unknown,,u8
Unwind@004692a0,0x4692a0,0xb,unknown,,u8
Unwind@004692c0,0x4692c0,0xb,unknown,,u8
Unwind@004692cb,0x4692cb,0xb,unknown,,u8
Unwind@004692e0,0x4692e0,0x8,unknown,,u8
Unwind@00469300,0x469300,0x8,unknown,,u8
Unwind@00469308,0x469308,0x27,unknown,,u8
Unwind@00469340,0x469340,0xb,unknown,,u8
Unwind@00469358,0x469358,0x8,unknown,,u8
Unwind@0046936c,0x46936c,0xa,unknown,,u8
Unwind@00469376,0x469376,0xa,unknown,,u8
Unwind@00469380,0x469380,0xa,unknown,,u8
Unwind@0046938a,0x46938a,0xa,unknown,,u8
Unwind@00469394,0x469394,0xa,unknown,,u8
Unwind@0046939e,0x46939e,0xa,unknown,,u8
Unwind@004693a8,0x4693a8,0xa,unknown,,u8
INIT_G_ASCII_MANAGER,0x4693c0,0x17,__stdcall,,void
INIT_G_ASCII_MANAGER_CALC_CHAIN,0x4693e0,0x1c,__stdcall,,void
INIT_G_ASCII_MANAGER_ON_DRAW_MENUS_CHAIN,0x469400,0x1c,__stdcall,,void
INIT_G_ASCII_MANAGER_ON_DRAW_HIGH_PRIO_CHAIN,0x469420,0x1c,__stdcall,,void
INIT_G_STAGE,0x469440,0x14,__stdcall,,void
INIT_G_STAGE_CALC_CHAIN,0x469460,0x1c,__stdcall,,void
INIT_G_STAGE_ON_DRAW_HIGH_PRIO_CHAIN,0x469480,0x1c,__stdcall,,void
INIT_G_STAGE_ON_DRAW_LOW_PRIO_CHAIN,0x4694a0,0x1c,__stdcall,,void
INIT_G_UNKNOWN_UNUSED_CHAIN_ELEM,0x4694c0,0x1c,__stdcall,,void
FUN_004694e0,0x4694e0,0x44,unknown,,u8
INIT_G_EFFECT_MANAGER,0x469530,0x14,__stdcall,,void
INIT_G_EFFECT_MANAGER_CALC_CHAIN,0x469550,0x1c,__stdcall,,void
INIT_G_EFFECT_MANAGER_ON_DRAW_CHAIN,0x469570,0x1c,__stdcall,,void
INIT_G_ENEMY_MANAGER_CALC_CHAIN,0x469590,0x1c,unknown,,u8
INIT_G_ENEMY_MANAGER_DRAW_CHAIN,0x4695b0,0x1c,unknown,,u8
INIT_G_ENEMY_MANAGER,0x4695d0,0xf,unknown,,u8
INIT_G_BULLET_MANAGER_CALC_CHAIN,0x4695e0,0x1c,__stdcall,,void
INIT_G_BULLET_MANAGER_DRAW_CHAIN,0x469600,0x1c,__stdcall,,void
INIT_G_BULLET_MANAGER,0x469620,0xf,__stdcall,,void
INIT_G_GUI_CALC_CHAIN,0x46962f,0x1a,unknown,,u8
INIT_G_GUI_DRAW_CHAIN,0x469649,0x1a,unknown,,u8
INIT_G_GAME_MANAGER,0x469663,0xf,__stdcall,,void
INIT_G_GAME_MANAGER_CALC_CHAIN,0x469672,0x1a,__stdcall,,void
INIT_G_GAME_MANAGER_DRAW_CHAIN,0x46968c,0x1a,__stdcall,,void
INIT_G_CHAIN,0x4696b0,0x1c,__stdcall,,void
FUN_004696d0,0x4696d0,0x19,unknown,,u8
FUN_004696f0,0x4696f0,0x1c,unknown,,u8
$E1,0x469710,0x3d,unknown,,u8
INIT_ITEM_MANAGER,0x469750,0x14,unknown,,u8
FUN_00469770,0x469770,0x1c,unknown,,u8
FUN_00469790,0x469790,0x1c,unknown,,u8
INIT_G_GAME_CONTEXT,0x4697ac,0x15,unknown,,u8
INIT_G_PLAYER,0x4697d0,0x17,unknown,,u8
FUN_004697f0,0x4697f0,0x17,unknown,,u8
INIT_G_SOUND_PLAYER,0x469810,0x12,unknown,,u8
INIT_g_PrimitivesToDrawVertexBuf,0x469830,0x39,unknown,,u8
INIT_G_PrimitivesToDrawNoVertexBuf,0x469870,0x39,unknown,,u8
INIT_g_PrimitivesToDrawUnknown,0x4698b0,0x39,unknown,,u8
INIT_G_MAIN_MENU,0x4698e9,0x12,__stdcall,,void
FINI_G_ASCII_MANAGER_CALC_CHAIN,0x469900,0xf,__stdcall,,void
FINI_G_ASCII_MANAGER_ON_DRAW_MENUS_CHAIN,0x469910,0xf,__stdcall,,void
FINI_G_ASCII_MANAGER_ON_DRAW_HIGH_PRIO_CHAIN,0x469920,0xf,__stdcall,,void
FINI_G_STAGE_CALC_CHAIN,0x469930,0xf,__stdcall,,void
FINI_G_STAGE_ON_DRAW_HIGH_PRIO_CHAIN,0x469940,0xf,__stdcall,,void
FINI_G_STAGE_ON_DRAW_LOW_PRIO_CHAIN,0x469950,0xf,__stdcall,,void
FINI_G_UNKNOWN_UNUSED_CHAIN_ELEM,0x469960,0xf,__stdcall,,void
FINI_G_EFFECT_MANAGER_CALC_CHAIN,0x469970,0xf,__stdcall,,void
FINI_G_EFFECT_MANAGER_ON_DRAW_CHAIN,0x469980,0xf,__stdcall,,void
FUN_00469990,0x469990,0xf,unknown,,u8
FUN_004699a0,0x4699a0,0xf,unknown,,u8
FINI_G_BULLET_MANAGER_CALC_CHAIN,0x4699b0,0xf,__stdcall,,void
FINI_G_BULLET_MANAGER_DRAW_CHAIN,0x4699c0,0xf,__stdcall,,void
FUN_004699cf,0x4699cf,0xf,unknown,,u8
FUN_004699de,0x4699de,0xf,unknown,,u8
FINI_G_GAME_MANAGER_CALC_CHAIN,0x4699ed,0xf,__stdcall,,void
FINI_G_GAME_MANAGER_DRAW_CHAIN,0x4699fc,0xf,__stdcall,,void
FINI_G_CHAIN,0x469a10,0xf,__stdcall,,void
FUN_00469a20,0x469a20,0x5,unknown,,u8
th06::GameErrorContext::~GameErrorContext,0x469a30,0x5,unknown,,u8
FUN_00469a40,0x469a40,0xf,unknown,,u8
FUN_00469a50,0x469a50,0xf,unknown,,u8
